ImageId,class
Pipstrel-Virus_Bodensee_2018-02-13_15-41-05.jpg,boat
Pipstrel-Virus_Bodensee_2018-02-13_15-41-06.jpg,boat
Pipstrel-Virus_Bodensee_2018-02-13_15-41-07.jpg,boat
Pipstrel-Virus_Bodensee_2018-02-13_15-41-09.jpg,boat
Pipstrel-Virus_Bodensee_2018-02-13_15-41-10.jpg,boat
Pipstrel-Virus_Bodensee_2018-02-13_15-41-11.jpg,boat
Pipstrel-Virus_Bodensee_2018-02-13_15-41-12.jpg,boat
Pipstrel-Virus_Bodensee_2018-02-13_15-41-13.jpg,boat
Pipstrel-Virus_Bodensee_2018-02-13_15-41-14.jpg,boat
Pipstrel-Virus_Bodensee_2018-02-13_15-41-15.jpg,nature
Pipstrel-Virus_Bodensee_2018-02-13_15-41-18.jpg,nature
Pipstrel-Virus_Bodensee_2018-02-13_15-41-20.jpg,nature
Pipstrel-Virus_Bodensee_2018-02-13_15-41-21.jpg,nature
Pipstrel-Virus_Bodensee_2018-02-13_15-41-22.jpg,nature
Pipstrel-Virus_Bodensee_2018-02-13_15-41-23.jpg,nature
Pipstrel-Virus_Bodensee_2018-02-13_15-41-25.jpg,nature
Pipstrel-Virus_Bodensee_2018-02-13_15-41-26.jpg,nature
Pipstrel-Virus_Bodensee_2018-02-13_15-41-27.jpg,nature
Pipstrel-Virus_Bodensee_2018-02-13_15-41-30.jpg,nature
Pipstrel-Virus_Bodensee_2018-02-13_15-41-31.jpg,nature
Pipstrel-Virus_Bodensee_2018-02-13_15-41-33.jpg,boat
Pipstrel-Virus_Bodensee_2018-02-13_15-41-34.jpg,boat
Pipstrel-Virus_Bodensee_2018-02-13_15-41-35.jpg,boat
Pipstrel-Virus_Bodensee_2018-02-13_15-41-36.jpg,boat
Pipstrel-Virus_Bodensee_2018-02-13_15-41-38.jpg,boat
Pipstrel-Virus_Bodensee_2018-02-13_15-41-39.jpg,boat
Pipstrel-Virus_Bodensee_2018-02-13_15-41-40.jpg,boat
Pipstrel-Virus_Bodensee_2018-02-13_15-41-41.jpg,boat
Pipstrel-Virus_Bodensee_2018-02-13_15-41-42.jpg,boat
Pipstrel-Virus_Bodensee_2018-02-13_15-41-43.jpg,boat
Pipstrel-Virus_Bodensee_2018-02-13_15-41-48.jpg,nature
Pipstrel-Virus_Bodensee_2018-02-13_15-41-49.jpg,nature
Pipstrel-Virus_Bodensee_2018-02-13_15-41-50.jpg,nature
Pipstrel-Virus_Bodensee_2018-02-13_15-41-51.jpg,boat
Pipstrel-Virus_Bodensee_2018-02-13_15-41-53.jpg,boat
Pipstrel-Virus_Bodensee_2018-02-13_15-41-54.jpg,boat
Pipstrel-Virus_Bodensee_2018-02-13_15-41-55.jpg,boat
Pipstrel-Virus_Bodensee_2018-02-13_15-41-56.jpg,boat
Pipstrel-Virus_Bodensee_2018-02-13_15-41-57.jpg,boat
Pipstrel-Virus_Bodensee_2018-02-13_15-41-58.jpg,boat
Pipstrel-Virus_Bodensee_2018-02-13_15-41-59.jpg,boat
Pipstrel-Virus_Bodensee_2018-02-13_15-42-03.jpg,boat
Pipstrel-Virus_Bodensee_2018-02-13_15-42-05.jpg,boat
Pipstrel-Virus_Bodensee_2018-02-13_15-42-06.jpg,boat
Pipstrel-Virus_Bodensee_2018-02-13_15-42-07.jpg,boat
Pipstrel-Virus_Bodensee_2018-02-13_15-42-08.jpg,boat
Pipstrel-Virus_Bodensee_2018-02-13_15-42-09.jpg,boat
Pipstrel-Virus_Bodensee_2018-02-13_15-42-11.jpg,boat
Pipstrel-Virus_Bodensee_2018-02-13_15-42-12.jpg,boat
Pipstrel-Virus_Bodensee_2018-02-13_15-42-13.jpg,boat
Pipstrel-Virus_Bodensee_2018-02-13_15-42-14.jpg,boat
Pipstrel-Virus_Bodensee_2018-02-13_15-42-15.jpg,boat
Pipstrel-Virus_Bodensee_2018-02-13_15-42-16.jpg,boat
Pipstrel-Virus_Bodensee_2018-02-13_15-42-18.jpg,boat
Pipstrel-Virus_Bodensee_2018-02-13_15-42-19.jpg,boat
Pipstrel-Virus_Bodensee_2018-02-13_15-42-20.jpg,boat
Pipstrel-Virus_Bodensee_2018-02-13_15-42-21.jpg,boat
Pipstrel-Virus_Bodensee_2018-02-13_15-42-23.jpg,boat
Pipstrel-Virus_Bodensee_2018-02-13_15-42-25.jpg,boat
Pipstrel-Virus_Bodensee_2018-02-13_15-42-26.jpg,boat
Pipstrel-Virus_Bodensee_2018-02-13_15-42-27.jpg,boat
Pipstrel-Virus_Bodensee_2018-02-13_15-42-28.jpg,boat
Pipstrel-Virus_Bodensee_2018-02-13_15-42-30.jpg,boat
Pipstrel-Virus_Bodensee_2018-02-13_15-42-31.jpg,boat
Pipstrel-Virus_Bodensee_2018-02-13_15-42-32.jpg,boat
Pipstrel-Virus_Bodensee_2018-02-13_15-42-33.jpg,boat
Pipstrel-Virus_Bodensee_2018-02-13_15-42-34.jpg,boat
Pipstrel-Virus_Bodensee_2018-02-13_15-42-35.jpg,boat
Pipstrel-Virus_Bodensee_2018-02-13_15-42-36.jpg,boat
Pipstrel-Virus_Bodensee_2018-02-13_15-42-37.jpg,boat
Pipstrel-Virus_Bodensee_2018-02-13_15-42-39.jpg,boat
Pipstrel-Virus_Bodensee_2018-02-13_15-42-40.jpg,boat
Pipstrel-Virus_Bodensee_2018-02-13_15-42-41.jpg,boat
Pipstrel-Virus_Bodensee_2018-02-13_15-42-43.jpg,boat
Pipstrel-Virus_Bodensee_2018-02-13_15-42-44.jpg,boat
Pipstrel-Virus_Bodensee_2018-02-13_15-42-45.jpg,boat
Pipstrel-Virus_Bodensee_2018-02-13_15-42-46.jpg,boat
Pipstrel-Virus_Bodensee_2018-02-13_15-42-48.jpg,boat
Pipstrel-Virus_Bodensee_2018-02-13_15-42-49.jpg,boat
Pipstrel-Virus_Bodensee_2018-02-13_15-42-52.jpg,boat
Pipstrel-Virus_Bodensee_2018-02-13_15-42-53.jpg,boat
Pipstrel-Virus_Bodensee_2018-02-13_15-42-56.jpg,boat
Pipstrel-Virus_Bodensee_2018-02-13_15-42-57.jpg,boat
Pipstrel-Virus_Bodensee_2018-02-13_15-42-58.jpg,boat
Pipstrel-Virus_Bodensee_2018-02-13_15-42-59.jpg,boat
Pipstrel-Virus_Bodensee_2018-02-13_15-43-00.jpg,boat
Pipstrel-Virus_Bodensee_2018-02-13_15-43-01.jpg,boat
Pipstrel-Virus_Bodensee_2018-02-13_15-43-02.jpg,boat
Pipstrel-Virus_Bodensee_2018-02-13_15-43-04.jpg,boat
Pipstrel-Virus_Bodensee_2018-02-13_15-43-05.jpg,boat
Pipstrel-Virus_Bodensee_2018-02-13_15-43-06.jpg,boat
Pipstrel-Virus_Bodensee_2018-02-13_15-43-07.jpg,boat
Pipstrel-Virus_Bodensee_2018-02-13_15-43-15.jpg,boat
Pipstrel-Virus_Bodensee_2018-02-13_15-43-16.jpg,boat
Pipstrel-Virus_Bodensee_2018-02-13_15-43-17.jpg,boat
Pipstrel-Virus_Bodensee_2018-02-13_15-43-19.jpg,boat
Pipstrel-Virus_Bodensee_2018-02-13_15-43-21.jpg,boat
Pipstrel-Virus_Bodensee_2018-02-13_15-43-22.jpg,boat
Pipstrel-Virus_Bodensee_2018-02-13_15-43-23.jpg,boat
Pipstrel-Virus_Bodensee_2018-02-13_15-43-24.jpg,boat
Pipstrel-Virus_Bodensee_2018-02-13_15-43-25.jpg,boat
Pipstrel-Virus_Bodensee_2018-02-13_15-43-26.jpg,boat
Pipstrel-Virus_Bodensee_2018-02-13_15-43-27.jpg,boat
Pipstrel-Virus_Bodensee_2018-02-13_15-43-29.jpg,boat
Pipstrel-Virus_Bodensee_2018-02-13_15-43-30.jpg,boat
Pipstrel-Virus_Bodensee_2018-02-13_15-43-31.jpg,boat
Pipstrel-Virus_Bodensee_2018-02-13_15-43-32.jpg,boat
Pipstrel-Virus_Bodensee_2018-02-13_15-43-33.jpg,boat
Pipstrel-Virus_Bodensee_2018-02-13_15-43-34.jpg,boat
Pipstrel-Virus_Bodensee_2018-02-13_15-43-40.jpg,boat
Pipstrel-Virus_Bodensee_2018-02-13_15-43-43.jpg,boat
Pipstrel-Virus_Bodensee_2018-02-13_15-43-44.jpg,nature
Pipstrel-Virus_Bodensee_2018-02-13_15-43-46.jpg,boat
Pipstrel-Virus_Bodensee_2018-02-13_15-43-47.jpg,boat
Pipstrel-Virus_Bodensee_2018-02-13_15-43-48.jpg,boat
Pipstrel-Virus_Bodensee_2018-02-13_15-43-51.jpg,boat
Pipstrel-Virus_Bodensee_2018-02-13_15-43-54.jpg,boat
Pipstrel-Virus_Bodensee_2018-02-13_15-43-55.jpg,boat
Pipstrel-Virus_Bodensee_2018-02-13_15-43-56.jpg,boat
Pipstrel-Virus_Bodensee_2018-02-13_15-43-57.jpg,boat
Pipstrel-Virus_Bodensee_2018-02-13_15-43-58.jpg,boat
Pipstrel-Virus_Bodensee_2018-02-13_15-43-59.jpg,boat
Pipstrel-Virus_Bodensee_2018-02-13_15-44-01.jpg,boat
Pipstrel-Virus_Bodensee_2018-02-13_15-44-02.jpg,boat
Pipstrel-Virus_Bodensee_2018-02-13_15-44-03.jpg,boat
Pipstrel-Virus_Bodensee_2018-02-13_15-44-04.jpg,boat
Pipstrel-Virus_Bodensee_2018-02-13_15-44-05.jpg,nature
Pipstrel-Virus_Bodensee_2018-02-13_15-44-06.jpg,nature
Pipstrel-Virus_Bodensee_2018-02-13_15-44-08.jpg,nature
Pipstrel-Virus_Bodensee_2018-02-13_15-44-10.jpg,nature
Pipstrel-Virus_Bodensee_2018-02-13_15-44-13.jpg,nature
Pipstrel-Virus_Bodensee_2018-02-13_15-44-14.jpg,nature
Pipstrel-Virus_Bodensee_2018-02-13_15-44-15.jpg,boat
Pipstrel-Virus_Bodensee_2018-02-13_15-44-16.jpg,boat
Pipstrel-Virus_Bodensee_2018-02-13_15-44-17.jpg,boat
Pipstrel-Virus_Bodensee_2018-02-13_15-44-18.jpg,boat
Pipstrel-Virus_Bodensee_2018-02-13_15-44-20.jpg,boat
Pipstrel-Virus_Bodensee_2018-02-13_15-44-22.jpg,boat
Pipstrel-Virus_Bodensee_2018-02-13_15-44-23.jpg,boat
Pipstrel-Virus_Bodensee_2018-02-13_15-44-24.jpg,boat
Pipstrel-Virus_Bodensee_2018-02-13_15-44-26.jpg,boat
Pipstrel-Virus_Bodensee_2018-02-13_15-44-27.jpg,boat
Pipstrel-Virus_Bodensee_2018-02-13_15-44-28.jpg,boat
Pipstrel-Virus_Bodensee_2018-02-13_15-44-29.jpg,boat
Pipstrel-Virus_Bodensee_2018-02-13_15-44-30.jpg,boat
Pipstrel-Virus_Bodensee_2018-02-13_15-44-31.jpg,boat
Pipstrel-Virus_Bodensee_2018-02-13_15-44-33.jpg,boat
Pipstrel-Virus_Bodensee_2018-02-13_15-44-34.jpg,boat
Pipstrel-Virus_Bodensee_2018-02-13_15-44-35.jpg,boat
Pipstrel-Virus_Bodensee_2018-02-13_15-44-36.jpg,nature
Pipstrel-Virus_Bodensee_2018-02-13_15-44-37.jpg,nature
Pipstrel-Virus_Bodensee_2018-02-13_15-44-38.jpg,nature
Pipstrel-Virus_Bodensee_2018-02-13_15-44-40.jpg,nature
Pipstrel-Virus_Bodensee_2018-02-13_15-44-41.jpg,nature
Pipstrel-Virus_Bodensee_2018-02-13_15-44-42.jpg,boat
Pipstrel-Virus_Bodensee_2018-02-13_15-44-43.jpg,boat
Pipstrel-Virus_Bodensee_2018-02-13_15-44-48.jpg,boat
Pipstrel-Virus_Bodensee_2018-02-13_15-44-49.jpg,boat
Pipstrel-Virus_Bodensee_2018-02-13_15-44-50.jpg,boat
Pipstrel-Virus_Bodensee_2018-02-13_15-44-51.jpg,boat
Pipstrel-Virus_Bodensee_2018-02-13_15-44-52.jpg,boat
Pipstrel-Virus_Bodensee_2018-02-13_15-44-54.jpg,boat
Pipstrel-Virus_Bodensee_2018-02-13_15-44-56.jpg,boat
Pipstrel-Virus_Bodensee_2018-02-13_15-44-57.jpg,boat
Pipstrel-Virus_Bodensee_2018-02-13_15-44-58.jpg,boat
Pipstrel-Virus_Bodensee_2018-02-13_15-44-59.jpg,boat
Pipstrel-Virus_Bodensee_2018-02-13_15-45-06.jpg,boat
Pipstrel-Virus_Bodensee_2018-02-13_15-45-07.jpg,boat
Pipstrel-Virus_Bodensee_2018-02-13_15-45-08.jpg,boat
Pipstrel-Virus_Bodensee_2018-02-13_15-45-09.jpg,boat
Pipstrel-Virus_Bodensee_2018-02-13_15-45-10.jpg,boat
Pipstrel-Virus_Bodensee_2018-02-13_15-45-11.jpg,boat
Pipstrel-Virus_Bodensee_2018-02-13_15-45-12.jpg,boat
Pipstrel-Virus_Bodensee_2018-02-13_15-45-14.jpg,boat
Pipstrel-Virus_Bodensee_2018-02-13_15-45-15.jpg,boat
Pipstrel-Virus_Bodensee_2018-02-13_15-45-17.jpg,boat
Pipstrel-Virus_Bodensee_2018-02-13_15-45-18.jpg,boat
Pipstrel-Virus_Bodensee_2018-02-13_15-45-20.jpg,boat
Pipstrel-Virus_Bodensee_2018-02-13_15-45-21.jpg,boat
Pipstrel-Virus_Bodensee_2018-02-13_15-45-22.jpg,boat
Pipstrel-Virus_Bodensee_2018-02-13_15-45-24.jpg,boat
Pipstrel-Virus_Bodensee_2018-02-13_15-45-25.jpg,boat
Pipstrel-Virus_Bodensee_2018-02-13_15-45-26.jpg,boat
Pipstrel-Virus_Bodensee_2018-02-13_15-45-29.jpg,boat
Pipstrel-Virus_Bodensee_2018-02-13_15-45-30.jpg,boat
Pipstrel-Virus_Bodensee_2018-02-13_15-45-31.jpg,boat
Pipstrel-Virus_Bodensee_2018-02-13_15-45-38.jpg,boat
Pipstrel-Virus_Bodensee_2018-02-13_15-45-40.jpg,boat
Pipstrel-Virus_Bodensee_2018-02-13_15-46-42.jpg,boat
Pipstrel-Virus_Bodensee_2018-02-13_15-46-43.jpg,boat
Pipstrel-Virus_Bodensee_2018-02-13_15-46-45.jpg,boat
Pipstrel-Virus_Bodensee_2018-02-13_15-46-46.jpg,boat
Pipstrel-Virus_Bodensee_2018-02-13_15-46-47.jpg,boat
Pipstrel-Virus_Bodensee_2018-02-13_15-46-48.jpg,boat
Pipstrel-Virus_Bodensee_2018-02-13_15-46-49.jpg,boat
Pipstrel-Virus_Bodensee_2018-02-13_15-46-50.jpg,boat
Pipstrel-Virus_Bodensee_2018-02-13_15-46-52.jpg,boat
Pipstrel-Virus_Bodensee_2018-02-13_15-46-53.jpg,boat
Pipstrel-Virus_Bodensee_2018-02-13_15-46-54.jpg,boat
Pipstrel-Virus_Bodensee_2018-02-13_15-46-55.jpg,boat
Pipstrel-Virus_Bodensee_2018-02-13_15-46-56.jpg,boat
Pipstrel-Virus_Bodensee_2018-02-13_15-46-58.jpg,boat
Pipstrel-Virus_Bodensee_2018-02-13_15-47-00.jpg,boat
Pipstrel-Virus_Bodensee_2018-02-13_15-47-01.jpg,nature
Pipstrel-Virus_Bodensee_2018-02-13_15-47-03.jpg,nature
Pipstrel-Virus_Bodensee_2018-02-13_15-47-04.jpg,nature
Pipstrel-Virus_Bodensee_2018-02-13_15-47-07.jpg,nature
Pipstrel-Virus_Bodensee_2018-02-13_15-47-08.jpg,boat
Pipstrel-Virus_Bodensee_2018-02-13_15-47-09.jpg,boat
Pipstrel-Virus_Bodensee_2018-02-13_15-47-11.jpg,boat
Pipstrel-Virus_Bodensee_2018-02-13_15-47-12.jpg,boat
Pipstrel-Virus_Bodensee_2018-02-13_15-47-13.jpg,boat
Pipstrel-Virus_Bodensee_2018-02-13_15-47-14.jpg,boat
Pipstrel-Virus_Bodensee_2018-02-13_15-47-15.jpg,boat
Pipstrel-Virus_Bodensee_2018-02-13_15-47-16.jpg,boat
Pipstrel-Virus_Bodensee_2018-02-13_15-47-17.jpg,boat
Pipstrel-Virus_Bodensee_2018-02-13_15-47-18.jpg,boat
Pipstrel-Virus_Bodensee_2018-02-13_15-47-20.jpg,boat
Pipstrel-Virus_Bodensee_2018-02-13_15-47-21.jpg,boat
Pipstrel-Virus_Bodensee_2018-02-13_15-47-23.jpg,boat
Pipstrel-Virus_Bodensee_2018-02-13_15-47-24.jpg,boat
Pipstrel-Virus_Bodensee_2018-02-13_15-47-25.jpg,boat
Pipstrel-Virus_Bodensee_2018-02-13_15-47-26.jpg,boat
Pipstrel-Virus_Bodensee_2018-02-13_15-47-27.jpg,boat
Pipstrel-Virus_Bodensee_2018-02-13_15-47-29.jpg,boat
Pipstrel-Virus_Bodensee_2018-02-13_15-47-30.jpg,boat
Pipstrel-Virus_Bodensee_2018-02-13_15-47-31.jpg,boat
Pipstrel-Virus_Bodensee_2018-02-13_15-47-32.jpg,boat
Pipstrel-Virus_Bodensee_2018-02-13_15-47-33.jpg,boat
Pipstrel-Virus_Bodensee_2018-02-13_15-47-34.jpg,boat
Pipstrel-Virus_Bodensee_2018-02-13_15-47-35.jpg,boat
Pipstrel-Virus_Bodensee_2018-02-13_15-47-36.jpg,boat
Pipstrel-Virus_Bodensee_2018-02-13_15-47-37.jpg,nature
Pipstrel-Virus_Bodensee_2018-02-13_15-47-42.jpg,nature
Pipstrel-Virus_Bodensee_2018-02-13_15-47-43.jpg,nature
Pipstrel-Virus_Bodensee_2018-02-13_15-47-44.jpg,nature
Pipstrel-Virus_Bodensee_2018-02-13_15-47-45.jpg,boat
Pipstrel-Virus_Bodensee_2018-02-13_15-47-47.jpg,boat
Pipstrel-Virus_Bodensee_2018-02-13_15-47-48.jpg,boat
Pipstrel-Virus_Bodensee_2018-02-13_15-47-49.jpg,boat
Pipstrel-Virus_Bodensee_2018-02-13_15-47-50.jpg,boat
Pipstrel-Virus_Bodensee_2018-02-13_15-47-51.jpg,boat
Pipstrel-Virus_Bodensee_2018-02-13_15-47-52.jpg,boat
Pipstrel-Virus_Bodensee_2018-02-13_15-47-53.jpg,boat
Pipstrel-Virus_Bodensee_2018-02-13_15-47-55.jpg,boat
Pipstrel-Virus_Bodensee_2018-02-13_15-47-56.jpg,boat
Pipstrel-Virus_Bodensee_2018-02-13_15-47-58.jpg,boat
Pipstrel-Virus_Bodensee_2018-02-13_15-47-59.jpg,boat
Pipstrel-Virus_Bodensee_2018-02-13_15-48-00.jpg,boat
Pipstrel-Virus_Bodensee_2018-02-13_15-48-01.jpg,boat
Pipstrel-Virus_Bodensee_2018-02-13_15-48-03.jpg,boat
Pipstrel-Virus_Bodensee_2018-02-13_15-48-04.jpg,boat
Pipstrel-Virus_Bodensee_2018-02-13_15-48-06.jpg,boat
Pipstrel-Virus_Bodensee_2018-02-13_15-48-07.jpg,nature
Pipstrel-Virus_Bodensee_2018-02-13_15-48-08.jpg,nature
Pipstrel-Virus_Bodensee_2018-02-13_15-48-09.jpg,nature
Pipstrel-Virus_Bodensee_2018-02-13_15-48-10.jpg,nature
Pipstrel-Virus_Bodensee_2018-02-13_15-48-11.jpg,nature
Pipstrel-Virus_Bodensee_2018-02-13_15-48-18.jpg,nature
Pipstrel-Virus_Bodensee_2018-02-13_15-48-19.jpg,nature
Pipstrel-Virus_Bodensee_2018-02-13_15-48-20.jpg,nature
Pipstrel-Virus_Bodensee_2018-02-13_15-48-21.jpg,nature
Pipstrel-Virus_Bodensee_2018-02-13_15-48-24.jpg,nature
Pipstrel-Virus_Bodensee_2018-02-13_15-48-25.jpg,nature
Pipstrel-Virus_Bodensee_2018-02-13_15-48-26.jpg,nature
Pipstrel-Virus_Bodensee_2018-02-13_15-48-27.jpg,nature
Pipstrel-Virus_Bodensee_2018-02-13_15-48-28.jpg,boat
Pipstrel-Virus_Bodensee_2018-02-13_15-48-29.jpg,boat
Pipstrel-Virus_Bodensee_2018-02-13_15-48-30.jpg,boat
Pipstrel-Virus_Bodensee_2018-02-13_15-48-31.jpg,boat
Pipstrel-Virus_Bodensee_2018-02-13_15-48-33.jpg,boat
Pipstrel-Virus_Bodensee_2018-02-13_15-48-34.jpg,boat
Pipstrel-Virus_Bodensee_2018-02-13_15-48-37.jpg,boat
Pipstrel-Virus_Bodensee_2018-02-13_15-48-39.jpg,boat
Pipstrel-Virus_Bodensee_2018-02-13_15-48-40.jpg,boat
Pipstrel-Virus_Bodensee_2018-02-13_15-48-41.jpg,boat
Pipstrel-Virus_Bodensee_2018-02-13_15-48-43.jpg,boat
Pipstrel-Virus_Bodensee_2018-02-13_15-48-44.jpg,boat
Pipstrel-Virus_Bodensee_2018-02-13_15-48-45.jpg,boat
Pipstrel-Virus_Bodensee_2018-02-13_15-48-46.jpg,boat
Pipstrel-Virus_Bodensee_2018-02-13_15-48-47.jpg,boat
Pipstrel-Virus_Bodensee_2018-02-13_15-48-48.jpg,boat
Pipstrel-Virus_Bodensee_2018-02-13_15-48-49.jpg,nature
Pipstrel-Virus_Bodensee_2018-02-13_15-48-51.jpg,nature
Pipstrel-Virus_Bodensee_2018-02-13_15-48-52.jpg,nature
Pipstrel-Virus_Bodensee_2018-02-13_15-48-53.jpg,nature
Pipstrel-Virus_Bodensee_2018-02-13_15-48-54.jpg,nature
Pipstrel-Virus_Bodensee_2018-02-13_15-48-55.jpg,boat
Pipstrel-Virus_Bodensee_2018-02-13_15-48-56.jpg,boat
Pipstrel-Virus_Bodensee_2018-02-13_15-48-58.jpg,boat
Pipstrel-Virus_Bodensee_2018-02-13_15-48-59.jpg,boat
Pipstrel-Virus_Bodensee_2018-02-13_15-49-00.jpg,boat
Pipstrel-Virus_Bodensee_2018-02-13_15-49-01.jpg,boat
Pipstrel-Virus_Bodensee_2018-02-13_15-49-03.jpg,boat
Pipstrel-Virus_Bodensee_2018-02-13_15-49-04.jpg,boat
Pipstrel-Virus_Bodensee_2018-02-13_15-49-05.jpg,boat
Pipstrel-Virus_Bodensee_2018-02-13_15-49-06.jpg,boat
Pipstrel-Virus_Bodensee_2018-02-13_15-49-07.jpg,boat
Pipstrel-Virus_Bodensee_2018-02-13_15-49-11.jpg,boat
Pipstrel-Virus_Bodensee_2018-02-13_15-49-12.jpg,boat
Pipstrel-Virus_Bodensee_2018-02-13_15-49-13.jpg,boat
Pipstrel-Virus_Bodensee_2018-02-13_15-49-14.jpg,boat
Pipstrel-Virus_Bodensee_2018-02-13_15-49-15.jpg,boat
Pipstrel-Virus_Bodensee_2018-02-13_15-49-16.jpg,boat
Pipstrel-Virus_Bodensee_2018-02-13_15-49-17.jpg,boat
Pipstrel-Virus_Bodensee_2018-02-13_15-49-18.jpg,boat
Pipstrel-Virus_Bodensee_2018-02-13_15-49-20.jpg,boat
Pipstrel-Virus_Bodensee_2018-02-13_15-49-21.jpg,boat
Pipstrel-Virus_Bodensee_2018-02-13_15-49-22.jpg,boat
Pipstrel-Virus_Bodensee_2018-02-13_15-49-23.jpg,boat
Pipstrel-Virus_Bodensee_2018-02-13_15-49-24.jpg,boat
Pipstrel-Virus_Bodensee_2018-02-13_15-49-27.jpg,boat
Pipstrel-Virus_Bodensee_2018-02-13_15-49-28.jpg,boat
Pipstrel-Virus_Bodensee_2018-02-13_15-49-32.jpg,boat
Pipstrel-Virus_Bodensee_2018-02-13_15-49-33.jpg,boat
Pipstrel-Virus_Bodensee_2018-02-13_15-49-34.jpg,boat
Pipstrel-Virus_Bodensee_2018-02-13_15-49-35.jpg,boat
Pipstrel-Virus_Bodensee_2018-02-13_15-49-36.jpg,boat
Pipstrel-Virus_Bodensee_2018-02-13_15-49-37.jpg,boat
Pipstrel-Virus_Bodensee_2018-02-13_15-49-38.jpg,boat
Pipstrel-Virus_Bodensee_2018-02-13_15-49-40.jpg,boat
Pipstrel-Virus_Bodensee_2018-02-13_15-49-41.jpg,nature
Pipstrel-Virus_Bodensee_2018-02-13_15-49-42.jpg,boat
Pipstrel-Virus_Bodensee_2018-02-13_15-49-43.jpg,boat
Pipstrel-Virus_Bodensee_2018-02-13_15-49-44.jpg,boat
Pipstrel-Virus_Bodensee_2018-02-13_15-49-45.jpg,boat
Pipstrel-Virus_Bodensee_2018-02-13_15-49-46.jpg,boat
Pipstrel-Virus_Bodensee_2018-02-13_15-49-49.jpg,boat
Pipstrel-Virus_Bodensee_2018-02-13_15-49-50.jpg,boat
Pipstrel-Virus_Bodensee_2018-02-13_15-49-51.jpg,boat
Pipstrel-Virus_Bodensee_2018-02-13_15-49-52.jpg,boat
Pipstrel-Virus_Bodensee_2018-02-13_15-49-53.jpg,boat
Pipstrel-Virus_Bodensee_2018-02-13_15-49-54.jpg,boat
Pipstrel-Virus_Bodensee_2018-02-13_15-49-55.jpg,nature
Pipstrel-Virus_Bodensee_2018-02-13_15-49-56.jpg,nature
Pipstrel-Virus_Bodensee_2018-02-13_15-49-58.jpg,boat
Pipstrel-Virus_Bodensee_2018-02-13_15-50-01.jpg,boat
Pipstrel-Virus_Bodensee_2018-02-13_15-50-02.jpg,boat
Pipstrel-Virus_Bodensee_2018-02-13_15-50-03.jpg,boat
Pipstrel-Virus_Bodensee_2018-02-13_15-50-04.jpg,boat
Pipstrel-Virus_Bodensee_2018-02-13_15-50-05.jpg,boat
Pipstrel-Virus_Bodensee_2018-02-13_15-50-07.jpg,boat
Pipstrel-Virus_Bodensee_2018-02-13_15-50-08.jpg,boat
Pipstrel-Virus_Bodensee_2018-02-13_15-50-09.jpg,boat
Pipstrel-Virus_Bodensee_2018-02-13_15-50-10.jpg,boat
Pipstrel-Virus_Bodensee_2018-02-13_15-50-11.jpg,boat
Pipstrel-Virus_Bodensee_2018-02-13_15-50-12.jpg,boat
Pipstrel-Virus_Bodensee_2018-02-13_15-50-13.jpg,boat
Pipstrel-Virus_Bodensee_2018-02-13_15-50-14.jpg,boat
Pipstrel-Virus_Bodensee_2018-02-13_15-50-16.jpg,boat
Pipstrel-Virus_Bodensee_2018-02-13_15-50-17.jpg,boat
Pipstrel-Virus_Bodensee_2018-02-13_15-50-18.jpg,boat
Pipstrel-Virus_Bodensee_2018-02-13_15-50-19.jpg,boat
Pipstrel-Virus_Bodensee_2018-02-13_15-50-20.jpg,boat
Pipstrel-Virus_Bodensee_2018-02-13_15-50-21.jpg,boat
Pipstrel-Virus_Bodensee_2018-02-13_15-50-22.jpg,boat
Pipstrel-Virus_Bodensee_2018-02-13_15-50-24.jpg,boat
Pipstrel-Virus_Bodensee_2018-02-13_15-50-25.jpg,boat
Pipstrel-Virus_Bodensee_2018-02-13_15-50-26.jpg,boat
Pipstrel-Virus_Bodensee_2018-02-13_15-50-27.jpg,boat
Pipstrel-Virus_Bodensee_2018-02-13_15-50-28.jpg,boat
Pipstrel-Virus_Bodensee_2018-02-13_15-50-29.jpg,boat
Pipstrel-Virus_Bodensee_2018-02-13_15-50-30.jpg,boat
Pipstrel-Virus_Bodensee_2018-02-13_15-50-33.jpg,boat
Pipstrel-Virus_Bodensee_2018-02-13_15-50-34.jpg,boat
Pipstrel-Virus_Bodensee_2018-02-13_15-50-38.jpg,boat
Pipstrel-Virus_Bodensee_2018-02-13_15-50-39.jpg,boat
Pipstrel-Virus_Bodensee_2018-02-13_15-50-41.jpg,boat
Pipstrel-Virus_Bodensee_2018-02-13_15-50-42.jpg,boat
Pipstrel-Virus_Bodensee_2018-02-13_15-50-43.jpg,boat
Pipstrel-Virus_Bodensee_2018-02-13_15-50-44.jpg,boat
Pipstrel-Virus_Bodensee_2018-02-13_15-50-45.jpg,boat
Pipstrel-Virus_Bodensee_2018-02-13_15-50-46.jpg,nature
Pipstrel-Virus_Bodensee_2018-02-13_15-50-47.jpg,nature
Pipstrel-Virus_Bodensee_2018-02-13_15-50-51.jpg,boat
Pipstrel-Virus_Bodensee_2018-02-13_15-50-52.jpg,nature
Pipstrel-Virus_Bodensee_2018-02-13_15-50-54.jpg,nature
Pipstrel-Virus_Bodensee_2018-02-13_15-50-55.jpg,nature
Pipstrel-Virus_Bodensee_2018-02-13_15-50-56.jpg,nature
Pipstrel-Virus_Bodensee_2018-02-13_15-50-57.jpg,nature
Pipstrel-Virus_Bodensee_2018-02-13_15-50-58.jpg,nature
Pipstrel-Virus_Bodensee_2018-02-13_15-50-59.jpg,nature
Pipstrel-Virus_Bodensee_2018-02-13_15-51-00.jpg,boat
Pipstrel-Virus_Bodensee_2018-02-13_15-51-01.jpg,boat
Pipstrel-Virus_Bodensee_2018-02-13_15-51-03.jpg,boat
Pipstrel-Virus_Bodensee_2018-02-13_15-51-04.jpg,nature
Pipstrel-Virus_Bodensee_2018-02-13_15-51-05.jpg,nature
Pipstrel-Virus_Bodensee_2018-02-13_15-51-06.jpg,nature
Pipstrel-Virus_Bodensee_2018-02-13_15-51-09.jpg,nature
Pipstrel-Virus_Bodensee_2018-02-13_15-51-11.jpg,nature
Pipstrel-Virus_Bodensee_2018-02-13_15-51-12.jpg,nature
Pipstrel-Virus_Bodensee_2018-02-13_15-51-13.jpg,nature
Pipstrel-Virus_Bodensee_2018-02-13_15-51-14.jpg,nature
Pipstrel-Virus_Bodensee_2018-02-13_15-51-15.jpg,nature
Pipstrel-Virus_Bodensee_2018-02-13_15-51-17.jpg,nature
Pipstrel-Virus_Bodensee_2018-02-13_15-51-18.jpg,nature
Pipstrel-Virus_Bodensee_2018-02-13_15-51-19.jpg,nature
Pipstrel-Virus_Bodensee_2018-02-13_15-51-20.jpg,nature
Pipstrel-Virus_Bodensee_2018-02-13_15-51-21.jpg,nature
Pipstrel-Virus_Bodensee_2018-02-13_15-51-22.jpg,boat
Pipstrel-Virus_Bodensee_2018-02-13_15-51-24.jpg,nature
Pipstrel-Virus_Bodensee_2018-02-13_15-51-26.jpg,nature
Pipstrel-Virus_Bodensee_2018-02-13_15-51-27.jpg,boat
Pipstrel-Virus_Bodensee_2018-02-13_15-51-28.jpg,boat
Pipstrel-Virus_Bodensee_2018-02-13_15-51-30.jpg,boat
Pipstrel-Virus_Bodensee_2018-02-13_15-51-31.jpg,boat
Pipstrel-Virus_Bodensee_2018-02-13_15-51-32.jpg,boat
Pipstrel-Virus_Bodensee_2018-02-13_15-51-34.jpg,boat
Pipstrel-Virus_Bodensee_2018-02-13_15-51-35.jpg,nature
Pipstrel-Virus_Bodensee_2018-02-13_15-51-36.jpg,boat
Pipstrel-Virus_Bodensee_2018-02-13_15-51-37.jpg,boat
Pipstrel-Virus_Bodensee_2018-02-13_15-51-38.jpg,boat
Pipstrel-Virus_Bodensee_2018-02-13_15-51-39.jpg,boat
Pipstrel-Virus_Bodensee_2018-02-13_15-51-40.jpg,boat
Pipstrel-Virus_Bodensee_2018-02-13_15-51-41.jpg,boat
Pipstrel-Virus_Bodensee_2018-02-13_15-51-43.jpg,boat
Pipstrel-Virus_Bodensee_2018-02-13_15-51-44.jpg,boat
Pipstrel-Virus_Bodensee_2018-02-13_15-51-45.jpg,boat
Pipstrel-Virus_Bodensee_2018-02-13_15-51-46.jpg,boat
Pipstrel-Virus_Bodensee_2018-02-13_15-51-47.jpg,boat
Pipstrel-Virus_Bodensee_2018-02-13_15-51-48.jpg,boat
Pipstrel-Virus_Bodensee_2018-02-13_15-51-50.jpg,boat
Pipstrel-Virus_Bodensee_2018-02-13_15-51-51.jpg,boat
Pipstrel-Virus_Bodensee_2018-02-13_15-51-52.jpg,boat
Pipstrel-Virus_Bodensee_2018-02-13_15-51-54.jpg,boat
Pipstrel-Virus_Bodensee_2018-02-13_15-51-55.jpg,boat
Pipstrel-Virus_Bodensee_2018-02-13_15-51-56.jpg,boat
Pipstrel-Virus_Bodensee_2018-02-13_15-51-58.jpg,nature
Pipstrel-Virus_Bodensee_2018-02-13_15-51-59.jpg,nature
Pipstrel-Virus_Bodensee_2018-02-13_15-52-00.jpg,nature
Pipstrel-Virus_Bodensee_2018-02-13_15-52-02.jpg,nature
Pipstrel-Virus_Bodensee_2018-02-13_15-52-03.jpg,nature
Pipstrel-Virus_Bodensee_2018-02-13_15-52-05.jpg,nature
Pipstrel-Virus_Bodensee_2018-02-13_15-52-06.jpg,nature
Pipstrel-Virus_Bodensee_2018-02-13_15-52-07.jpg,nature
Pipstrel-Virus_Bodensee_2018-02-13_15-52-09.jpg,nature
Pipstrel-Virus_Bodensee_2018-02-13_15-52-10.jpg,nature
Pipstrel-Virus_Bodensee_2018-02-13_15-52-11.jpg,nature
Pipstrel-Virus_Bodensee_2018-02-13_15-52-12.jpg,nature
Pipstrel-Virus_Bodensee_2018-02-13_15-52-13.jpg,nature
Pipstrel-Virus_Bodensee_2018-02-13_15-52-14.jpg,nature
Pipstrel-Virus_Bodensee_2018-02-13_15-52-16.jpg,nature
Pipstrel-Virus_Bodensee_2018-02-13_15-52-17.jpg,nature
Pipstrel-Virus_Bodensee_2018-02-13_15-52-18.jpg,nature
Pipstrel-Virus_Bodensee_2018-02-13_15-52-19.jpg,nature
Pipstrel-Virus_Bodensee_2018-02-13_15-52-20.jpg,nature
Pipstrel-Virus_Bodensee_2018-02-13_15-52-21.jpg,nature
Pipstrel-Virus_Bodensee_2018-02-13_15-52-22.jpg,nature
Pipstrel-Virus_Bodensee_2018-02-13_15-52-23.jpg,nature
Pipstrel-Virus_Bodensee_2018-02-13_15-52-25.jpg,nature
Pipstrel-Virus_Bodensee_2018-02-13_15-52-26.jpg,boat
Pipstrel-Virus_Bodensee_2018-02-13_15-52-27.jpg,boat
Pipstrel-Virus_Bodensee_2018-02-13_15-52-30.jpg,boat
Pipstrel-Virus_Bodensee_2018-02-13_15-52-31.jpg,boat
Pipstrel-Virus_Bodensee_2018-02-13_15-52-33.jpg,boat
Pipstrel-Virus_Bodensee_2018-02-13_15-52-34.jpg,boat
Pipstrel-Virus_Bodensee_2018-02-13_15-52-35.jpg,boat
Pipstrel-Virus_Bodensee_2018-02-13_15-52-36.jpg,nature
Pipstrel-Virus_Bodensee_2018-02-13_15-52-37.jpg,nature
Pipstrel-Virus_Bodensee_2018-02-13_15-52-38.jpg,nature
Pipstrel-Virus_Bodensee_2018-02-13_15-52-41.jpg,nature
Pipstrel-Virus_Bodensee_2018-02-13_15-52-42.jpg,boat
Pipstrel-Virus_Bodensee_2018-02-13_15-52-43.jpg,boat
Pipstrel-Virus_Bodensee_2018-02-13_15-52-44.jpg,boat
Pipstrel-Virus_Bodensee_2018-02-13_15-52-45.jpg,boat
Pipstrel-Virus_Bodensee_2018-02-13_15-52-46.jpg,boat
Pipstrel-Virus_Bodensee_2018-02-13_15-52-48.jpg,boat
Pipstrel-Virus_Bodensee_2018-02-13_15-52-50.jpg,boat
Pipstrel-Virus_Bodensee_2018-02-13_15-52-51.jpg,boat
Pipstrel-Virus_Bodensee_2018-02-13_15-52-52.jpg,boat
Pipstrel-Virus_Bodensee_2018-02-13_15-52-53.jpg,boat
Pipstrel-Virus_Bodensee_2018-02-13_15-52-54.jpg,boat
Pipstrel-Virus_Bodensee_2018-02-13_15-52-56.jpg,boat
Pipstrel-Virus_Bodensee_2018-02-13_15-52-57.jpg,boat
Pipstrel-Virus_Bodensee_2018-02-13_15-52-58.jpg,nature
Pipstrel-Virus_Bodensee_2018-02-13_15-52-59.jpg,nature
Pipstrel-Virus_Bodensee_2018-02-13_15-53-02.jpg,nature
Pipstrel-Virus_Bodensee_2018-02-13_15-53-04.jpg,nature
Pipstrel-Virus_Bodensee_2018-02-13_15-53-05.jpg,nature
Pipstrel-Virus_Bodensee_2018-02-13_15-53-06.jpg,nature
Pipstrel-Virus_Bodensee_2018-02-13_15-53-07.jpg,nature
Pipstrel-Virus_Bodensee_2018-02-13_15-53-08.jpg,nature
Pipstrel-Virus_Bodensee_2018-02-13_15-53-09.jpg,boat
Pipstrel-Virus_Bodensee_2018-02-13_15-53-10.jpg,boat
Pipstrel-Virus_Bodensee_2018-02-13_15-53-11.jpg,boat
Pipstrel-Virus_Bodensee_2018-02-13_15-53-13.jpg,boat
Pipstrel-Virus_Bodensee_2018-02-13_15-53-14.jpg,boat
Pipstrel-Virus_Bodensee_2018-02-13_15-53-15.jpg,boat
Pipstrel-Virus_Bodensee_2018-02-13_15-53-21.jpg,nature
Pipstrel-Virus_Bodensee_2018-02-13_15-53-22.jpg,nature
Pipstrel-Virus_Bodensee_2018-02-13_15-53-23.jpg,nature
Pipstrel-Virus_Bodensee_2018-02-13_15-53-24.jpg,nature
Pipstrel-Virus_Bodensee_2018-02-13_15-53-25.jpg,nature
Pipstrel-Virus_Bodensee_2018-02-13_15-53-27.jpg,nature
Pipstrel-Virus_Bodensee_2018-02-13_15-53-28.jpg,nature
Pipstrel-Virus_Bodensee_2018-02-13_15-53-29.jpg,nature
Pipstrel-Virus_Bodensee_2018-02-13_15-53-30.jpg,nature
Pipstrel-Virus_Bodensee_2018-02-13_15-53-31.jpg,nature
Pipstrel-Virus_Bodensee_2018-02-13_15-53-32.jpg,nature
Pipstrel-Virus_Bodensee_2018-02-13_15-53-33.jpg,nature
Pipstrel-Virus_Bodensee_2018-02-13_15-53-34.jpg,nature
Pipstrel-Virus_Bodensee_2018-02-13_15-53-37.jpg,nature
Pipstrel-Virus_Bodensee_2018-02-13_15-53-38.jpg,nature
Pipstrel-Virus_Bodensee_2018-02-13_15-53-39.jpg,nature
Pipstrel-Virus_Bodensee_2018-02-13_15-53-40.jpg,nature
Pipstrel-Virus_Bodensee_2018-02-13_15-53-41.jpg,nature
Pipstrel-Virus_Bodensee_2018-02-13_15-53-42.jpg,nature
Pipstrel-Virus_Bodensee_2018-02-13_15-53-43.jpg,nature
Pipstrel-Virus_Bodensee_2018-02-13_15-53-45.jpg,nature
Pipstrel-Virus_Bodensee_2018-02-13_15-53-46.jpg,boat
Pipstrel-Virus_Bodensee_2018-02-13_15-53-47.jpg,boat
Pipstrel-Virus_Bodensee_2018-02-13_15-53-49.jpg,boat
Pipstrel-Virus_Bodensee_2018-02-13_15-53-50.jpg,boat
Pipstrel-Virus_Bodensee_2018-02-13_15-53-52.jpg,boat
Pipstrel-Virus_Bodensee_2018-02-13_15-53-53.jpg,boat
Pipstrel-Virus_Bodensee_2018-02-13_15-53-54.jpg,boat
Pipstrel-Virus_Bodensee_2018-02-13_15-53-55.jpg,boat
Pipstrel-Virus_Bodensee_2018-02-13_15-53-56.jpg,boat
Pipstrel-Virus_Bodensee_2018-02-13_15-53-57.jpg,nature
Pipstrel-Virus_Bodensee_2018-02-13_15-53-59.jpg,nature
Pipstrel-Virus_Bodensee_2018-02-13_15-54-00.jpg,nature
Pipstrel-Virus_Bodensee_2018-02-13_15-54-01.jpg,nature
Pipstrel-Virus_Bodensee_2018-02-13_15-54-02.jpg,nature
Pipstrel-Virus_Bodensee_2018-02-13_15-54-03.jpg,nature
Pipstrel-Virus_Bodensee_2018-02-13_15-54-04.jpg,nature
Pipstrel-Virus_Bodensee_2018-02-13_15-54-06.jpg,boat
Pipstrel-Virus_Bodensee_2018-02-13_15-54-07.jpg,nature
Pipstrel-Virus_Bodensee_2018-02-13_15-54-08.jpg,nature
Pipstrel-Virus_Bodensee_2018-02-13_15-54-10.jpg,nature
Pipstrel-Virus_Bodensee_2018-02-13_15-54-11.jpg,boat
Pipstrel-Virus_Bodensee_2018-02-13_15-54-12.jpg,boat
Pipstrel-Virus_Bodensee_2018-02-13_15-54-13.jpg,boat
Pipstrel-Virus_Bodensee_2018-02-13_15-54-14.jpg,boat
Pipstrel-Virus_Bodensee_2018-02-13_15-54-15.jpg,boat
Pipstrel-Virus_Bodensee_2018-02-13_15-54-16.jpg,boat
Pipstrel-Virus_Bodensee_2018-02-13_15-54-17.jpg,boat
Pipstrel-Virus_Bodensee_2018-02-13_15-54-19.jpg,boat
Pipstrel-Virus_Bodensee_2018-02-13_15-54-20.jpg,boat
Pipstrel-Virus_Bodensee_2018-02-13_15-54-21.jpg,boat
Pipstrel-Virus_Bodensee_2018-02-13_15-54-23.jpg,boat
Pipstrel-Virus_Bodensee_2018-02-13_15-54-24.jpg,boat
Pipstrel-Virus_Bodensee_2018-02-13_15-54-25.jpg,boat
Pipstrel-Virus_Bodensee_2018-02-13_15-54-26.jpg,boat
Pipstrel-Virus_Bodensee_2018-02-13_15-54-27.jpg,boat
Pipstrel-Virus_Bodensee_2018-02-13_15-54-28.jpg,boat
Pipstrel-Virus_Bodensee_2018-02-13_15-54-29.jpg,boat
Pipstrel-Virus_Bodensee_2018-02-13_15-54-31.jpg,boat
Pipstrel-Virus_Bodensee_2018-02-13_15-54-32.jpg,boat
Pipstrel-Virus_Bodensee_2018-02-13_15-54-33.jpg,boat
Pipstrel-Virus_Bodensee_2018-02-13_15-54-34.jpg,boat
Pipstrel-Virus_Bodensee_2018-02-13_15-54-35.jpg,boat
Pipstrel-Virus_Bodensee_2018-02-13_15-54-37.jpg,boat
Pipstrel-Virus_Bodensee_2018-02-13_15-54-39.jpg,boat
Pipstrel-Virus_Bodensee_2018-02-13_15-54-40.jpg,boat
Pipstrel-Virus_Bodensee_2018-02-13_15-54-41.jpg,boat
Pipstrel-Virus_Bodensee_2018-02-13_15-54-46.jpg,boat
Pipstrel-Virus_Bodensee_2018-02-13_15-54-47.jpg,boat
Pipstrel-Virus_Bodensee_2018-02-13_15-54-50.jpg,boat
Pipstrel-Virus_Bodensee_2018-02-13_15-54-51.jpg,boat
Pipstrel-Virus_Bodensee_2018-02-13_15-54-53.jpg,boat
Pipstrel-Virus_Bodensee_2018-02-13_15-54-54.jpg,boat
Pipstrel-Virus_Bodensee_2018-02-13_15-56-04.jpg,boat
Pipstrel-Virus_Bodensee_2018-02-13_15-56-06.jpg,boat
Pipstrel-Virus_Bodensee_2018-02-13_15-56-09.jpg,boat
Pipstrel-Virus_Bodensee_2018-02-13_15-56-10.jpg,boat
Pipstrel-Virus_Bodensee_2018-02-13_15-56-11.jpg,boat
Pipstrel-Virus_Bodensee_2018-02-13_15-56-13.jpg,boat
Pipstrel-Virus_Bodensee_2018-02-13_15-56-14.jpg,boat
Pipstrel-Virus_Bodensee_2018-02-13_15-56-15.jpg,boat
Pipstrel-Virus_Bodensee_2018-02-13_15-56-17.jpg,boat
Pipstrel-Virus_Bodensee_2018-02-13_15-56-18.jpg,boat
Pipstrel-Virus_Bodensee_2018-02-13_15-56-19.jpg,boat
Pipstrel-Virus_Bodensee_2018-02-13_15-56-20.jpg,boat
Pipstrel-Virus_Bodensee_2018-02-13_15-56-22.jpg,boat
Pipstrel-Virus_Bodensee_2018-02-13_15-56-23.jpg,boat
Pipstrel-Virus_Bodensee_2018-02-13_15-56-24.jpg,boat
Pipstrel-Virus_Bodensee_2018-02-13_15-56-25.jpg,boat
Pipstrel-Virus_Bodensee_2018-02-13_15-56-26.jpg,boat
Pipstrel-Virus_Bodensee_2018-02-13_15-56-27.jpg,boat
Pipstrel-Virus_Bodensee_2018-02-13_15-56-30.jpg,nature
Pipstrel-Virus_Bodensee_2018-02-13_15-56-31.jpg,nature
Pipstrel-Virus_Bodensee_2018-02-13_15-56-32.jpg,nature
Pipstrel-Virus_Bodensee_2018-02-13_15-56-33.jpg,nature
Pipstrel-Virus_Bodensee_2018-02-13_15-56-34.jpg,nature
Pipstrel-Virus_Bodensee_2018-02-13_15-56-35.jpg,nature
Pipstrel-Virus_Bodensee_2018-02-13_15-56-36.jpg,nature
Pipstrel-Virus_Bodensee_2018-02-13_15-56-38.jpg,nature
Pipstrel-Virus_Bodensee_2018-02-13_15-56-39.jpg,nature
Pipstrel-Virus_Bodensee_2018-02-13_15-56-42.jpg,nature
Pipstrel-Virus_Bodensee_2018-02-13_15-56-43.jpg,nature
Pipstrel-Virus_Bodensee_2018-02-13_15-56-44.jpg,nature
Pipstrel-Virus_Bodensee_2018-02-13_15-56-45.jpg,nature
Pipstrel-Virus_Bodensee_2018-02-13_15-56-46.jpg,nature
Pipstrel-Virus_Bodensee_2018-02-13_15-56-47.jpg,nature
Pipstrel-Virus_Bodensee_2018-02-13_15-56-48.jpg,nature
Pipstrel-Virus_Bodensee_2018-02-13_15-56-50.jpg,nature
Pipstrel-Virus_Bodensee_2018-02-13_15-56-51.jpg,nature
Pipstrel-Virus_Bodensee_2018-02-13_15-56-52.jpg,nature
Pipstrel-Virus_Bodensee_2018-02-13_15-56-53.jpg,nature
Pipstrel-Virus_Bodensee_2018-02-13_15-56-55.jpg,nature
Pipstrel-Virus_Bodensee_2018-02-13_15-56-57.jpg,nature
Pipstrel-Virus_Bodensee_2018-02-13_15-57-00.jpg,nature
Pipstrel-Virus_Bodensee_2018-02-13_15-57-01.jpg,nature
Pipstrel-Virus_Bodensee_2018-02-13_15-57-02.jpg,nature
Pipstrel-Virus_Bodensee_2018-02-13_15-57-03.jpg,nature
Pipstrel-Virus_Bodensee_2018-02-13_15-57-04.jpg,nature
Pipstrel-Virus_Bodensee_2018-02-13_15-57-05.jpg,nature
Pipstrel-Virus_Bodensee_2018-02-13_15-57-06.jpg,nature
Pipstrel-Virus_Bodensee_2018-02-13_15-57-08.jpg,nature
Pipstrel-Virus_Bodensee_2018-02-13_15-57-10.jpg,boat
Pipstrel-Virus_Bodensee_2018-02-13_15-57-11.jpg,boat
Pipstrel-Virus_Bodensee_2018-02-13_15-57-12.jpg,boat
Pipstrel-Virus_Bodensee_2018-02-13_15-57-13.jpg,boat
Pipstrel-Virus_Bodensee_2018-02-13_15-57-14.jpg,boat
Pipstrel-Virus_Bodensee_2018-02-13_15-57-17.jpg,nature
Pipstrel-Virus_Bodensee_2018-02-13_15-57-18.jpg,nature
Pipstrel-Virus_Bodensee_2018-02-13_15-57-19.jpg,nature
Pipstrel-Virus_Bodensee_2018-02-13_15-57-20.jpg,nature
Pipstrel-Virus_Bodensee_2018-02-13_15-57-21.jpg,nature
Pipstrel-Virus_Bodensee_2018-02-13_15-57-23.jpg,nature
Pipstrel-Virus_Bodensee_2018-02-13_15-57-26.jpg,nature
Pipstrel-Virus_Bodensee_2018-02-13_15-57-27.jpg,nature
Pipstrel-Virus_Bodensee_2018-02-13_15-57-28.jpg,nature
Pipstrel-Virus_Bodensee_2018-02-13_15-57-29.jpg,nature
Pipstrel-Virus_Bodensee_2018-02-13_15-57-30.jpg,nature
Pipstrel-Virus_Bodensee_2018-02-13_15-57-31.jpg,nature
Pipstrel-Virus_Bodensee_2018-02-13_15-57-33.jpg,nature
Pipstrel-Virus_Bodensee_2018-02-13_15-57-34.jpg,nature
Pipstrel-Virus_Bodensee_2018-02-13_15-57-35.jpg,nature
Pipstrel-Virus_Bodensee_2018-02-13_15-57-36.jpg,nature
Pipstrel-Virus_Bodensee_2018-02-13_15-57-37.jpg,nature
Pipstrel-Virus_Bodensee_2018-02-13_15-57-39.jpg,nature
Pipstrel-Virus_Bodensee_2018-02-13_15-57-41.jpg,nature
Pipstrel-Virus_Bodensee_2018-02-13_15-57-42.jpg,nature
Pipstrel-Virus_Bodensee_2018-02-13_15-57-43.jpg,nature
Pipstrel-Virus_Bodensee_2018-02-13_15-57-44.jpg,nature
Pipstrel-Virus_Bodensee_2018-02-13_15-57-45.jpg,nature
Pipstrel-Virus_Bodensee_2018-02-13_15-57-47.jpg,nature
Pipstrel-Virus_Bodensee_2018-02-13_15-57-49.jpg,nature
Pipstrel-Virus_Bodensee_2018-02-13_15-57-50.jpg,nature
Pipstrel-Virus_Bodensee_2018-02-13_15-57-51.jpg,nature
Pipstrel-Virus_Bodensee_2018-02-13_15-57-52.jpg,nature
Pipstrel-Virus_Bodensee_2018-02-13_15-57-53.jpg,nature
Pipstrel-Virus_Bodensee_2018-02-13_15-57-56.jpg,nature
Pipstrel-Virus_Bodensee_2018-02-13_15-57-57.jpg,nature
Pipstrel-Virus_Bodensee_2018-02-13_15-57-59.jpg,nature
Pipstrel-Virus_Bodensee_2018-02-13_15-58-00.jpg,nature
Pipstrel-Virus_Bodensee_2018-02-13_15-58-01.jpg,nature
Pipstrel-Virus_Bodensee_2018-02-13_15-58-02.jpg,nature
Pipstrel-Virus_Bodensee_2018-02-13_15-58-03.jpg,nature
Pipstrel-Virus_Bodensee_2018-02-13_15-58-04.jpg,nature
Pipstrel-Virus_Bodensee_2018-02-13_15-58-05.jpg,nature
Pipstrel-Virus_Bodensee_2018-02-13_15-58-07.jpg,nature
Pipstrel-Virus_Bodensee_2018-02-13_15-58-09.jpg,nature
Pipstrel-Virus_Bodensee_2018-02-13_15-58-11.jpg,nature
Pipstrel-Virus_Bodensee_2018-02-13_15-58-12.jpg,nature
Pipstrel-Virus_Bodensee_2018-02-13_15-58-13.jpg,boat
Pipstrel-Virus_Bodensee_2018-02-13_15-58-15.jpg,boat
Pipstrel-Virus_Bodensee_2018-02-13_15-58-16.jpg,boat
Pipstrel-Virus_Bodensee_2018-02-13_15-58-17.jpg,boat
Pipstrel-Virus_Bodensee_2018-02-13_15-58-19.jpg,boat
Pipstrel-Virus_Bodensee_2018-02-13_15-58-20.jpg,boat
Pipstrel-Virus_Bodensee_2018-02-13_15-58-21.jpg,boat
Pipstrel-Virus_Bodensee_2018-02-13_15-58-22.jpg,boat
Pipstrel-Virus_Bodensee_2018-02-13_15-58-24.jpg,boat
Pipstrel-Virus_Bodensee_2018-02-13_15-58-25.jpg,boat
Pipstrel-Virus_Bodensee_2018-02-13_15-58-26.jpg,boat
Pipstrel-Virus_Bodensee_2018-02-13_15-58-27.jpg,nature
Pipstrel-Virus_Bodensee_2018-02-13_15-58-30.jpg,nature
Pipstrel-Virus_Bodensee_2018-02-13_15-58-31.jpg,nature
Pipstrel-Virus_Bodensee_2018-02-13_15-58-32.jpg,nature
Pipstrel-Virus_Bodensee_2018-02-13_15-58-33.jpg,nature
Pipstrel-Virus_Bodensee_2018-02-13_15-58-34.jpg,nature
Pipstrel-Virus_Bodensee_2018-02-13_15-58-35.jpg,nature
Pipstrel-Virus_Bodensee_2018-02-13_15-58-36.jpg,nature
Pipstrel-Virus_Bodensee_2018-02-13_15-58-37.jpg,nature
Pipstrel-Virus_Bodensee_2018-02-13_15-58-39.jpg,nature
Pipstrel-Virus_Bodensee_2018-02-13_15-58-40.jpg,nature
Pipstrel-Virus_Bodensee_2018-02-13_15-58-41.jpg,nature
Pipstrel-Virus_Bodensee_2018-02-13_15-58-43.jpg,nature
Pipstrel-Virus_Bodensee_2018-02-13_15-58-44.jpg,nature
Pipstrel-Virus_Bodensee_2018-02-13_15-58-45.jpg,nature
Pipstrel-Virus_Bodensee_2018-02-13_15-58-46.jpg,nature
Pipstrel-Virus_Bodensee_2018-02-13_15-58-47.jpg,nature
Pipstrel-Virus_Bodensee_2018-02-13_15-58-49.jpg,nature
Pipstrel-Virus_Bodensee_2018-02-13_15-58-50.jpg,nature
Pipstrel-Virus_Bodensee_2018-02-13_15-58-51.jpg,nature
Pipstrel-Virus_Bodensee_2018-02-13_15-58-52.jpg,nature
Pipstrel-Virus_Bodensee_2018-02-13_15-58-53.jpg,nature
Pipstrel-Virus_Bodensee_2018-02-13_15-58-55.jpg,nature
Pipstrel-Virus_Bodensee_2018-02-13_15-58-57.jpg,nature
Pipstrel-Virus_Bodensee_2018-02-13_15-58-58.jpg,nature
Pipstrel-Virus_Bodensee_2018-02-13_15-59-01.jpg,nature
Pipstrel-Virus_Bodensee_2018-02-13_15-59-02.jpg,nature
Pipstrel-Virus_Bodensee_2018-02-13_15-59-03.jpg,boat
Pipstrel-Virus_Bodensee_2018-02-13_15-59-06.jpg,boat
Pipstrel-Virus_Bodensee_2018-02-13_15-59-08.jpg,boat
Pipstrel-Virus_Bodensee_2018-02-13_15-59-09.jpg,boat
Pipstrel-Virus_Bodensee_2018-02-13_15-59-13.jpg,boat
Pipstrel-Virus_Bodensee_2018-02-13_15-59-14.jpg,boat
Pipstrel-Virus_Bodensee_2018-02-13_15-59-15.jpg,boat
Pipstrel-Virus_Bodensee_2018-02-13_15-59-16.jpg,boat
Pipstrel-Virus_Bodensee_2018-02-13_15-59-18.jpg,nature
Pipstrel-Virus_Bodensee_2018-02-13_15-59-19.jpg,nature
Pipstrel-Virus_Bodensee_2018-02-13_15-59-20.jpg,nature
Pipstrel-Virus_Bodensee_2018-02-13_15-59-21.jpg,nature
Pipstrel-Virus_Bodensee_2018-02-13_15-59-22.jpg,nature
Pipstrel-Virus_Bodensee_2018-02-13_15-59-23.jpg,nature
Pipstrel-Virus_Bodensee_2018-02-13_15-59-24.jpg,nature
Pipstrel-Virus_Bodensee_2018-02-13_15-59-25.jpg,nature
Pipstrel-Virus_Bodensee_2018-02-13_15-59-27.jpg,nature
Pipstrel-Virus_Bodensee_2018-02-13_15-59-28.jpg,nature
Pipstrel-Virus_Bodensee_2018-02-13_15-59-30.jpg,nature
Pipstrel-Virus_Bodensee_2018-02-13_15-59-31.jpg,nature
Pipstrel-Virus_Bodensee_2018-02-13_15-59-32.jpg,nature
Pipstrel-Virus_Bodensee_2018-02-13_15-59-33.jpg,nature
Pipstrel-Virus_Bodensee_2018-02-13_15-59-35.jpg,nature
Pipstrel-Virus_Bodensee_2018-02-13_15-59-36.jpg,nature
Pipstrel-Virus_Bodensee_2018-02-13_15-59-37.jpg,nature
Pipstrel-Virus_Bodensee_2018-02-13_15-59-38.jpg,nature
Pipstrel-Virus_Bodensee_2018-02-13_15-59-39.jpg,nature
Pipstrel-Virus_Bodensee_2018-02-13_15-59-40.jpg,nature
Pipstrel-Virus_Bodensee_2018-02-13_15-59-41.jpg,nature
Pipstrel-Virus_Bodensee_2018-02-13_15-59-46.jpg,nature
Pipstrel-Virus_Bodensee_2018-02-13_15-59-47.jpg,nature
Pipstrel-Virus_Bodensee_2018-02-13_15-59-48.jpg,nature
Pipstrel-Virus_Bodensee_2018-02-13_15-59-49.jpg,nature
Pipstrel-Virus_Bodensee_2018-02-13_15-59-51.jpg,nature
Pipstrel-Virus_Bodensee_2018-02-13_15-59-52.jpg,nature
Pipstrel-Virus_Bodensee_2018-02-13_15-59-53.jpg,nature
Pipstrel-Virus_Bodensee_2018-02-13_15-59-54.jpg,nature
Pipstrel-Virus_Bodensee_2018-02-13_15-59-55.jpg,nature
Pipstrel-Virus_Bodensee_2018-02-13_15-59-56.jpg,nature
Pipstrel-Virus_Bodensee_2018-02-13_15-59-58.jpg,nature
Pipstrel-Virus_Bodensee_2018-02-13_15-59-59.jpg,nature
Pipstrel-Virus_Bodensee_2018-02-13_16-00-01.jpg,nature
Pipstrel-Virus_Bodensee_2018-02-13_16-00-03.jpg,nature
Pipstrel-Virus_Bodensee_2018-02-13_16-00-04.jpg,nature
Pipstrel-Virus_Bodensee_2018-02-13_16-00-05.jpg,nature
Pipstrel-Virus_Bodensee_2018-02-13_16-00-07.jpg,nature
Pipstrel-Virus_Bodensee_2018-02-13_16-00-08.jpg,nature
Pipstrel-Virus_Bodensee_2018-02-13_16-00-09.jpg,nature
Pipstrel-Virus_Bodensee_2018-02-13_16-00-10.jpg,nature
Pipstrel-Virus_Bodensee_2018-02-13_16-00-12.jpg,nature
Pipstrel-Virus_Bodensee_2018-02-13_16-00-13.jpg,nature
Pipstrel-Virus_Bodensee_2018-02-13_16-00-14.jpg,nature
Pipstrel-Virus_Bodensee_2018-02-13_16-00-15.jpg,nature
Pipstrel-Virus_Bodensee_2018-02-13_16-00-18.jpg,nature
Pipstrel-Virus_Bodensee_2018-02-13_16-00-20.jpg,nature
Pipstrel-Virus_Bodensee_2018-02-13_16-00-21.jpg,nature
Pipstrel-Virus_Bodensee_2018-02-13_16-00-22.jpg,nature
Pipstrel-Virus_Bodensee_2018-02-13_16-00-23.jpg,nature
Pipstrel-Virus_Bodensee_2018-02-13_16-00-24.jpg,nature
Pipstrel-Virus_Bodensee_2018-02-13_16-00-25.jpg,nature
Pipstrel-Virus_Bodensee_2018-02-13_16-00-26.jpg,nature
Pipstrel-Virus_Bodensee_2018-02-13_16-00-27.jpg,nature
Pipstrel-Virus_Bodensee_2018-02-13_16-00-28.jpg,nature
Pipstrel-Virus_Bodensee_2018-02-13_16-00-30.jpg,nature
Pipstrel-Virus_Bodensee_2018-02-13_16-00-31.jpg,nature
Pipstrel-Virus_Bodensee_2018-02-13_16-00-32.jpg,nature
Pipstrel-Virus_Bodensee_2018-02-13_16-00-33.jpg,nature
Pipstrel-Virus_Bodensee_2018-02-13_16-00-37.jpg,nature
Pipstrel-Virus_Bodensee_2018-02-13_16-00-38.jpg,nature
Pipstrel-Virus_Bodensee_2018-02-13_16-00-39.jpg,nature
Pipstrel-Virus_Bodensee_2018-02-13_16-00-41.jpg,boat
Pipstrel-Virus_Bodensee_2018-02-13_16-00-42.jpg,boat
Pipstrel-Virus_Bodensee_2018-02-13_16-00-43.jpg,boat
Pipstrel-Virus_Bodensee_2018-02-13_16-00-44.jpg,boat
Pipstrel-Virus_Bodensee_2018-02-13_16-00-46.jpg,boat
Pipstrel-Virus_Bodensee_2018-02-13_16-00-47.jpg,boat
Pipstrel-Virus_Bodensee_2018-02-13_16-00-48.jpg,boat
Pipstrel-Virus_Bodensee_2018-02-13_16-00-49.jpg,boat
Pipstrel-Virus_Bodensee_2018-02-13_16-00-50.jpg,boat
Pipstrel-Virus_Bodensee_2018-02-13_16-00-51.jpg,boat
Pipstrel-Virus_Bodensee_2018-02-13_16-00-55.jpg,nature
Pipstrel-Virus_Bodensee_2018-02-13_16-00-56.jpg,nature
Pipstrel-Virus_Bodensee_2018-02-13_16-00-57.jpg,nature
Pipstrel-Virus_Bodensee_2018-02-13_16-00-59.jpg,nature
Pipstrel-Virus_Bodensee_2018-02-13_16-01-00.jpg,nature
Pipstrel-Virus_Bodensee_2018-02-13_16-01-01.jpg,nature
Pipstrel-Virus_Bodensee_2018-02-13_16-01-02.jpg,nature
Pipstrel-Virus_Bodensee_2018-02-13_16-01-03.jpg,nature
Pipstrel-Virus_Bodensee_2018-02-13_16-01-04.jpg,nature
Pipstrel-Virus_Bodensee_2018-02-13_16-01-05.jpg,nature
Pipstrel-Virus_Bodensee_2018-02-13_16-01-06.jpg,nature
Pipstrel-Virus_Bodensee_2018-02-13_16-01-08.jpg,nature
Pipstrel-Virus_Bodensee_2018-02-13_16-01-10.jpg,nature
Pipstrel-Virus_Bodensee_2018-02-13_16-01-12.jpg,nature
Pipstrel-Virus_Bodensee_2018-02-13_16-01-13.jpg,nature
Pipstrel-Virus_Bodensee_2018-02-13_16-01-14.jpg,nature
Pipstrel-Virus_Bodensee_2018-02-13_16-01-15.jpg,nature
Pipstrel-Virus_Bodensee_2018-02-13_16-01-16.jpg,nature
Pipstrel-Virus_Bodensee_2018-02-13_16-01-17.jpg,nature
Pipstrel-Virus_Bodensee_2018-02-13_16-01-18.jpg,nature
Pipstrel-Virus_Bodensee_2018-02-13_16-01-19.jpg,nature
Pipstrel-Virus_Bodensee_2018-02-13_16-01-21.jpg,nature
Pipstrel-Virus_Bodensee_2018-02-13_16-01-22.jpg,nature
Pipstrel-Virus_Bodensee_2018-02-13_16-01-23.jpg,nature
Pipstrel-Virus_Bodensee_2018-02-13_16-01-24.jpg,nature
Pipstrel-Virus_Bodensee_2018-02-13_16-01-27.jpg,nature
Pipstrel-Virus_Bodensee_2018-02-13_16-01-30.jpg,nature
Pipstrel-Virus_Bodensee_2018-02-13_16-01-31.jpg,nature
Pipstrel-Virus_Bodensee_2018-02-13_16-01-32.jpg,nature
Pipstrel-Virus_Bodensee_2018-02-13_16-01-33.jpg,nature
Pipstrel-Virus_Bodensee_2018-02-13_16-01-34.jpg,nature
Pipstrel-Virus_Bodensee_2018-02-13_16-01-36.jpg,nature
Pipstrel-Virus_Bodensee_2018-02-13_16-01-37.jpg,nature
Pipstrel-Virus_Bodensee_2018-02-13_16-01-38.jpg,nature
Pipstrel-Virus_Bodensee_2018-02-13_16-01-39.jpg,nature
Pipstrel-Virus_Bodensee_2018-02-13_16-01-40.jpg,nature
Pipstrel-Virus_Bodensee_2018-02-13_16-01-42.jpg,nature
Pipstrel-Virus_Bodensee_2018-02-13_16-01-43.jpg,nature
Pipstrel-Virus_Bodensee_2018-02-13_16-01-45.jpg,nature
Pipstrel-Virus_Bodensee_2018-02-13_16-01-46.jpg,nature
Pipstrel-Virus_Bodensee_2018-02-13_16-01-47.jpg,nature
Pipstrel-Virus_Bodensee_2018-02-13_16-01-52.jpg,boat
Pipstrel-Virus_Bodensee_2018-02-13_16-01-53.jpg,boat
Pipstrel-Virus_Bodensee_2018-02-13_16-01-54.jpg,boat
Pipstrel-Virus_Bodensee_2018-02-13_16-01-56.jpg,nature
Pipstrel-Virus_Bodensee_2018-02-13_16-01-57.jpg,boat
Pipstrel-Virus_Bodensee_2018-02-13_16-01-58.jpg,boat
Pipstrel-Virus_Bodensee_2018-02-13_16-02-00.jpg,boat
Pipstrel-Virus_Bodensee_2018-02-13_16-02-01.jpg,nature
Pipstrel-Virus_Bodensee_2018-02-13_16-02-03.jpg,nature
Pipstrel-Virus_Bodensee_2018-02-13_16-02-04.jpg,nature
Pipstrel-Virus_Bodensee_2018-02-13_16-02-05.jpg,nature
Pipstrel-Virus_Bodensee_2018-02-13_16-02-06.jpg,nature
Pipstrel-Virus_Bodensee_2018-02-13_16-02-08.jpg,nature
Pipstrel-Virus_Bodensee_2018-02-13_16-02-09.jpg,nature
Pipstrel-Virus_Bodensee_2018-02-13_16-02-11.jpg,nature
Pipstrel-Virus_Bodensee_2018-02-13_16-02-12.jpg,nature
Pipstrel-Virus_Bodensee_2018-02-13_16-02-13.jpg,nature
Pipstrel-Virus_Bodensee_2018-02-13_16-02-14.jpg,nature
Pipstrel-Virus_Bodensee_2018-02-13_16-02-15.jpg,nature
Pipstrel-Virus_Bodensee_2018-02-13_16-02-16.jpg,nature
Pipstrel-Virus_Bodensee_2018-02-13_16-02-17.jpg,nature
Pipstrel-Virus_Bodensee_2018-02-13_16-02-18.jpg,nature
Pipstrel-Virus_Bodensee_2018-02-13_16-02-19.jpg,nature
Pipstrel-Virus_Bodensee_2018-02-13_16-02-21.jpg,nature
Pipstrel-Virus_Bodensee_2018-02-13_16-02-22.jpg,nature
Pipstrel-Virus_Bodensee_2018-02-13_16-02-24.jpg,nature
Pipstrel-Virus_Bodensee_2018-02-13_16-02-25.jpg,nature
Pipstrel-Virus_Bodensee_2018-02-13_16-02-26.jpg,nature
Pipstrel-Virus_Bodensee_2018-02-13_16-02-27.jpg,nature
Pipstrel-Virus_Bodensee_2018-02-13_16-02-28.jpg,nature
Pipstrel-Virus_Bodensee_2018-02-13_16-02-30.jpg,nature
Pipstrel-Virus_Bodensee_2018-02-13_16-02-31.jpg,nature
Pipstrel-Virus_Bodensee_2018-02-13_16-02-32.jpg,nature
Pipstrel-Virus_Bodensee_2018-02-13_16-02-33.jpg,nature
Pipstrel-Virus_Bodensee_2018-02-13_16-02-34.jpg,nature
Pipstrel-Virus_Bodensee_2018-02-13_16-02-35.jpg,nature
Pipstrel-Virus_Bodensee_2018-02-13_16-02-36.jpg,nature
Pipstrel-Virus_Bodensee_2018-02-13_16-02-40.jpg,nature
Pipstrel-Virus_Bodensee_2018-02-13_16-02-43.jpg,nature
Pipstrel-Virus_Bodensee_2018-02-13_16-02-44.jpg,nature
Pipstrel-Virus_Bodensee_2018-02-13_16-02-45.jpg,nature
Pipstrel-Virus_Bodensee_2018-02-13_16-02-47.jpg,nature
Pipstrel-Virus_Bodensee_2018-02-13_16-02-48.jpg,nature
Pipstrel-Virus_Bodensee_2018-02-13_16-02-49.jpg,nature
Pipstrel-Virus_Bodensee_2018-02-13_16-02-50.jpg,nature
Pipstrel-Virus_Bodensee_2018-02-13_16-02-51.jpg,nature
Pipstrel-Virus_Bodensee_2018-02-13_16-02-52.jpg,nature
Pipstrel-Virus_Bodensee_2018-02-13_16-02-53.jpg,nature
Pipstrel-Virus_Bodensee_2018-02-13_16-02-54.jpg,nature
Pipstrel-Virus_Bodensee_2018-02-13_16-02-55.jpg,nature
Pipstrel-Virus_Bodensee_2018-02-13_16-02-56.jpg,nature
Pipstrel-Virus_Bodensee_2018-02-13_16-02-58.jpg,nature
Pipstrel-Virus_Bodensee_2018-02-13_16-02-59.jpg,nature
Pipstrel-Virus_Bodensee_2018-02-13_16-03-03.jpg,nature
Pipstrel-Virus_Bodensee_2018-02-13_16-03-04.jpg,nature
Pipstrel-Virus_Bodensee_2018-02-13_16-03-05.jpg,nature
Pipstrel-Virus_Bodensee_2018-02-13_16-03-06.jpg,nature
Pipstrel-Virus_Bodensee_2018-02-13_16-03-07.jpg,nature
Pipstrel-Virus_Bodensee_2018-02-13_16-03-08.jpg,nature
Pipstrel-Virus_Bodensee_2018-02-13_16-03-09.jpg,nature
Pipstrel-Virus_Bodensee_2018-02-13_16-03-11.jpg,nature
Pipstrel-Virus_Bodensee_2018-02-13_16-03-13.jpg,nature
Pipstrel-Virus_Bodensee_2018-02-13_16-03-14.jpg,nature
Pipstrel-Virus_Bodensee_2018-02-13_16-03-15.jpg,nature
Pipstrel-Virus_Bodensee_2018-02-13_16-03-19.jpg,nature
Pipstrel-Virus_Bodensee_2018-02-13_16-03-20.jpg,nature
Pipstrel-Virus_Bodensee_2018-02-13_16-03-21.jpg,nature
Pipstrel-Virus_Bodensee_2018-02-13_16-03-22.jpg,nature
Pipstrel-Virus_Bodensee_2018-02-13_16-03-23.jpg,nature
Pipstrel-Virus_Bodensee_2018-02-13_16-03-24.jpg,nature
Pipstrel-Virus_Bodensee_2018-02-13_16-03-27.jpg,nature
Pipstrel-Virus_Bodensee_2018-02-13_16-03-28.jpg,nature
Pipstrel-Virus_Bodensee_2018-02-13_16-03-29.jpg,nature
Pipstrel-Virus_Bodensee_2018-02-13_16-03-30.jpg,nature
Pipstrel-Virus_Bodensee_2018-02-13_16-03-31.jpg,nature
Pipstrel-Virus_Bodensee_2018-02-13_16-03-32.jpg,nature
Pipstrel-Virus_Bodensee_2018-02-13_16-03-33.jpg,nature
Pipstrel-Virus_Bodensee_2018-02-13_16-03-34.jpg,nature
Pipstrel-Virus_Bodensee_2018-02-13_16-03-36.jpg,nature
Pipstrel-Virus_Bodensee_2018-02-13_16-03-37.jpg,nature
Pipstrel-Virus_Bodensee_2018-02-13_16-03-38.jpg,nature
Pipstrel-Virus_Bodensee_2018-02-13_16-03-39.jpg,nature
Pipstrel-Virus_Bodensee_2018-02-13_16-03-40.jpg,nature
Pipstrel-Virus_Bodensee_2018-02-13_16-03-41.jpg,nature
Pipstrel-Virus_Bodensee_2018-02-13_16-03-42.jpg,nature
Pipstrel-Virus_Bodensee_2018-02-13_16-03-44.jpg,nature
Pipstrel-Virus_Bodensee_2018-02-13_16-03-45.jpg,nature
Pipstrel-Virus_Bodensee_2018-02-13_16-03-46.jpg,nature
Pipstrel-Virus_Bodensee_2018-02-13_16-03-47.jpg,nature
Pipstrel-Virus_Bodensee_2018-02-13_16-03-48.jpg,nature
Pipstrel-Virus_Bodensee_2018-02-13_16-03-49.jpg,nature
Pipstrel-Virus_Bodensee_2018-02-13_16-03-51.jpg,nature
Pipstrel-Virus_Bodensee_2018-02-13_16-03-53.jpg,nature
Pipstrel-Virus_Bodensee_2018-02-13_16-03-54.jpg,nature
Pipstrel-Virus_Bodensee_2018-02-13_16-03-55.jpg,nature
Pipstrel-Virus_Bodensee_2018-02-13_16-03-56.jpg,nature
Pipstrel-Virus_Bodensee_2018-02-13_16-03-57.jpg,nature
Pipstrel-Virus_Bodensee_2018-02-13_16-03-58.jpg,nature
Pipstrel-Virus_Bodensee_2018-02-13_16-03-59.jpg,nature
Pipstrel-Virus_Bodensee_2018-02-13_16-04-00.jpg,nature
Pipstrel-Virus_Bodensee_2018-02-13_16-04-01.jpg,nature
Pipstrel-Virus_Bodensee_2018-02-13_16-04-03.jpg,nature
Pipstrel-Virus_Bodensee_2018-02-13_16-04-04.jpg,nature
Pipstrel-Virus_Bodensee_2018-02-13_16-04-08.jpg,nature
Pipstrel-Virus_Bodensee_2018-02-13_16-04-09.jpg,nature
Pipstrel-Virus_Bodensee_2018-02-13_16-04-10.jpg,nature
Pipstrel-Virus_Bodensee_2018-02-13_16-04-12.jpg,nature
Pipstrel-Virus_Bodensee_2018-02-13_16-04-13.jpg,nature
Pipstrel-Virus_Bodensee_2018-02-13_16-04-15.jpg,nature
Pipstrel-Virus_Bodensee_2018-02-13_16-04-16.jpg,nature
Pipstrel-Virus_Bodensee_2018-02-13_16-04-17.jpg,nature
Pipstrel-Virus_Bodensee_2018-02-13_16-04-18.jpg,nature
Pipstrel-Virus_Bodensee_2018-02-13_16-04-19.jpg,nature
Pipstrel-Virus_Bodensee_2018-02-13_16-04-20.jpg,nature
Pipstrel-Virus_Bodensee_2018-02-13_16-04-21.jpg,nature
Pipstrel-Virus_Bodensee_2018-02-13_16-04-25.jpg,nature
Pipstrel-Virus_Bodensee_2018-02-13_16-04-26.jpg,nature
Pipstrel-Virus_Bodensee_2018-02-13_16-04-28.jpg,nature
Pipstrel-Virus_Bodensee_2018-02-13_16-04-29.jpg,nature
Pipstrel-Virus_Bodensee_2018-02-13_16-04-30.jpg,nature
Pipstrel-Virus_Bodensee_2018-02-13_16-04-31.jpg,nature
Pipstrel-Virus_Bodensee_2018-02-13_16-04-32.jpg,nature
Pipstrel-Virus_Bodensee_2018-02-13_16-04-33.jpg,nature
Pipstrel-Virus_Bodensee_2018-02-13_16-04-34.jpg,nature
Pipstrel-Virus_Bodensee_2018-02-13_16-04-35.jpg,nature
Pipstrel-Virus_Bodensee_2018-02-13_16-04-36.jpg,nature
Pipstrel-Virus_Bodensee_2018-02-13_16-04-38.jpg,nature
Pipstrel-Virus_Bodensee_2018-02-13_16-04-39.jpg,nature
Pipstrel-Virus_Bodensee_2018-02-13_16-04-40.jpg,nature
Pipstrel-Virus_Bodensee_2018-02-13_16-04-41.jpg,nature
Pipstrel-Virus_Bodensee_2018-02-13_16-04-42.jpg,nature
Pipstrel-Virus_Bodensee_2018-02-13_16-04-43.jpg,nature
Pipstrel-Virus_Bodensee_2018-02-13_16-04-44.jpg,nature
Pipstrel-Virus_Bodensee_2018-02-13_16-04-46.jpg,nature
Pipstrel-Virus_Bodensee_2018-02-13_16-04-47.jpg,nature
Pipstrel-Virus_Bodensee_2018-02-13_16-04-48.jpg,nature
Pipstrel-Virus_Bodensee_2018-02-13_16-04-49.jpg,nature
Pipstrel-Virus_Bodensee_2018-02-13_16-04-50.jpg,nature
Pipstrel-Virus_Bodensee_2018-02-13_16-04-51.jpg,nature
Pipstrel-Virus_Bodensee_2018-02-13_16-04-52.jpg,nature
Pipstrel-Virus_Bodensee_2018-02-13_16-04-54.jpg,nature
Pipstrel-Virus_Bodensee_2018-02-13_16-04-55.jpg,nature
Pipstrel-Virus_Bodensee_2018-02-13_16-04-59.jpg,nature
Pipstrel-Virus_Bodensee_2018-02-13_16-05-00.jpg,nature
Pipstrel-Virus_Bodensee_2018-02-13_16-05-01.jpg,nature
Pipstrel-Virus_Bodensee_2018-02-13_16-05-02.jpg,nature
Pipstrel-Virus_Bodensee_2018-02-13_16-05-03.jpg,nature
Pipstrel-Virus_Bodensee_2018-02-13_16-05-04.jpg,nature
Pipstrel-Virus_Bodensee_2018-02-13_16-05-06.jpg,nature
Pipstrel-Virus_Bodensee_2018-02-13_16-05-08.jpg,nature
Pipstrel-Virus_Bodensee_2018-02-13_16-05-09.jpg,nature
Pipstrel-Virus_Bodensee_2018-02-13_16-05-10.jpg,nature
Pipstrel-Virus_Bodensee_2018-02-13_16-05-11.jpg,nature
Pipstrel-Virus_Bodensee_2018-02-13_16-05-12.jpg,nature
Pipstrel-Virus_Bodensee_2018-02-13_16-05-13.jpg,nature
Pipstrel-Virus_Bodensee_2018-02-13_16-05-14.jpg,nature
Pipstrel-Virus_Bodensee_2018-02-13_16-05-15.jpg,nature
Pipstrel-Virus_Bodensee_2018-02-13_16-05-17.jpg,nature
Pipstrel-Virus_Bodensee_2018-02-13_16-05-18.jpg,nature
Pipstrel-Virus_Bodensee_2018-02-13_16-05-19.jpg,nature
Pipstrel-Virus_Bodensee_2018-02-13_16-05-20.jpg,boat
Pipstrel-Virus_Bodensee_2018-02-13_16-05-21.jpg,boat
Pipstrel-Virus_Bodensee_2018-02-13_16-05-22.jpg,boat
Pipstrel-Virus_Bodensee_2018-02-13_16-05-23.jpg,boat
Pipstrel-Virus_Bodensee_2018-02-13_16-05-24.jpg,boat
Pipstrel-Virus_Bodensee_2018-02-13_16-05-26.jpg,boat
Pipstrel-Virus_Bodensee_2018-02-13_16-05-27.jpg,boat
Pipstrel-Virus_Bodensee_2018-02-13_16-05-28.jpg,boat
Pipstrel-Virus_Bodensee_2018-02-13_16-05-31.jpg,nature
Pipstrel-Virus_Bodensee_2018-02-13_16-05-32.jpg,nature
Pipstrel-Virus_Bodensee_2018-02-13_16-05-33.jpg,nature
Pipstrel-Virus_Bodensee_2018-02-13_16-05-34.jpg,nature
Pipstrel-Virus_Bodensee_2018-02-13_16-05-35.jpg,nature
Pipstrel-Virus_Bodensee_2018-02-13_16-05-36.jpg,nature
Pipstrel-Virus_Bodensee_2018-02-13_16-05-38.jpg,nature
Pipstrel-Virus_Bodensee_2018-02-13_16-05-39.jpg,nature
Pipstrel-Virus_Bodensee_2018-02-13_16-05-40.jpg,nature
Pipstrel-Virus_Bodensee_2018-02-13_16-05-41.jpg,nature
Pipstrel-Virus_Bodensee_2018-02-13_16-05-42.jpg,nature
Pipstrel-Virus_Bodensee_2018-02-13_16-05-44.jpg,boat
Pipstrel-Virus_Bodensee_2018-02-13_16-05-46.jpg,boat
Pipstrel-Virus_Bodensee_2018-02-13_16-05-49.jpg,boat
Pipstrel-Virus_Bodensee_2018-02-13_16-05-50.jpg,boat
Pipstrel-Virus_Bodensee_2018-02-13_16-05-51.jpg,boat
Pipstrel-Virus_Bodensee_2018-02-13_16-05-52.jpg,boat
Pipstrel-Virus_Bodensee_2018-02-13_16-05-53.jpg,boat
Pipstrel-Virus_Bodensee_2018-02-13_16-05-54.jpg,boat
Pipstrel-Virus_Bodensee_2018-02-13_16-05-55.jpg,boat
Pipstrel-Virus_Bodensee_2018-02-13_16-05-57.jpg,boat
Pipstrel-Virus_Bodensee_2018-02-13_16-05-58.jpg,boat
Pipstrel-Virus_Bodensee_2018-02-13_16-05-59.jpg,boat
Pipstrel-Virus_Bodensee_2018-02-13_16-06-00.jpg,boat
Pipstrel-Virus_Bodensee_2018-02-13_16-06-01.jpg,boat
Pipstrel-Virus_Bodensee_2018-02-13_16-06-02.jpg,boat
Pipstrel-Virus_Bodensee_2018-02-13_16-06-03.jpg,boat
Pipstrel-Virus_Bodensee_2018-02-13_16-06-04.jpg,boat
Pipstrel-Virus_Bodensee_2018-02-13_16-06-06.jpg,boat
