filename,class
Pipstrel-Virus_Bodensee_2018-02-13_16-06-07.jpg,nature
Pipstrel-Virus_Bodensee_2018-02-13_16-06-10.jpg,nature
Pipstrel-Virus_Bodensee_2018-02-13_16-06-11.jpg,boat
Pipstrel-Virus_Bodensee_2018-02-13_16-06-12.jpg,boat
Pipstrel-Virus_Bodensee_2018-02-13_16-06-13.jpg,boat
Pipstrel-Virus_Bodensee_2018-02-13_16-06-14.jpg,boat
Pipstrel-Virus_Bodensee_2018-02-13_16-06-16.jpg,boat
Pipstrel-Virus_Bodensee_2018-02-13_16-06-17.jpg,boat
Pipstrel-Virus_Bodensee_2018-02-13_16-06-18.jpg,boat
Pipstrel-Virus_Bodensee_2018-02-13_16-06-19.jpg,boat
Pipstrel-Virus_Bodensee_2018-02-13_16-06-20.jpg,boat
Pipstrel-Virus_Bodensee_2018-02-13_16-06-21.jpg,boat
Pipstrel-Virus_Bodensee_2018-02-13_16-06-22.jpg,boat
Pipstrel-Virus_Bodensee_2018-02-13_16-06-23.jpg,boat
Pipstrel-Virus_Bodensee_2018-02-13_16-06-24.jpg,boat
Pipstrel-Virus_Bodensee_2018-02-13_16-06-26.jpg,boat
Pipstrel-Virus_Bodensee_2018-02-13_16-06-27.jpg,boat
Pipstrel-Virus_Bodensee_2018-02-13_16-06-28.jpg,nature
Pipstrel-Virus_Bodensee_2018-02-13_16-06-29.jpg,nature
Pipstrel-Virus_Bodensee_2018-02-13_16-06-30.jpg,nature
Pipstrel-Virus_Bodensee_2018-02-13_16-06-31.jpg,nature
Pipstrel-Virus_Bodensee_2018-02-13_16-06-32.jpg,nature
Pipstrel-Virus_Bodensee_2018-02-13_16-06-33.jpg,nature
Pipstrel-Virus_Bodensee_2018-02-13_16-06-34.jpg,nature
Pipstrel-Virus_Bodensee_2018-02-13_16-06-37.jpg,nature
Pipstrel-Virus_Bodensee_2018-02-13_16-06-39.jpg,nature
Pipstrel-Virus_Bodensee_2018-02-13_16-06-40.jpg,nature
Pipstrel-Virus_Bodensee_2018-02-13_16-06-41.jpg,boat
Pipstrel-Virus_Bodensee_2018-02-13_16-06-42.jpg,boat
Pipstrel-Virus_Bodensee_2018-02-13_16-06-43.jpg,boat
Pipstrel-Virus_Bodensee_2018-02-13_16-06-45.jpg,boat
Pipstrel-Virus_Bodensee_2018-02-13_16-06-46.jpg,boat
Pipstrel-Virus_Bodensee_2018-02-13_16-06-47.jpg,boat
Pipstrel-Virus_Bodensee_2018-02-13_16-06-48.jpg,boat
Pipstrel-Virus_Bodensee_2018-02-13_16-06-49.jpg,boat
Pipstrel-Virus_Bodensee_2018-02-13_16-06-50.jpg,nature
Pipstrel-Virus_Bodensee_2018-02-13_16-06-51.jpg,nature
Pipstrel-Virus_Bodensee_2018-02-13_16-06-54.jpg,nature
Pipstrel-Virus_Bodensee_2018-02-13_16-06-55.jpg,nature
Pipstrel-Virus_Bodensee_2018-02-13_16-06-56.jpg,nature
Pipstrel-Virus_Bodensee_2018-02-13_16-06-57.jpg,nature
Pipstrel-Virus_Bodensee_2018-02-13_16-06-58.jpg,nature
Pipstrel-Virus_Bodensee_2018-02-13_16-06-59.jpg,nature
Pipstrel-Virus_Bodensee_2018-02-13_16-07-00.jpg,nature
Pipstrel-Virus_Bodensee_2018-02-13_16-07-01.jpg,nature
Pipstrel-Virus_Bodensee_2018-02-13_16-07-02.jpg,boat
Pipstrel-Virus_Bodensee_2018-02-13_16-07-04.jpg,boat
Pipstrel-Virus_Bodensee_2018-02-13_16-07-05.jpg,boat
Pipstrel-Virus_Bodensee_2018-02-13_16-07-06.jpg,boat
Pipstrel-Virus_Bodensee_2018-02-13_16-07-07.jpg,nature
Pipstrel-Virus_Bodensee_2018-02-13_16-07-08.jpg,nature
Pipstrel-Virus_Bodensee_2018-02-13_16-07-12.jpg,nature
Pipstrel-Virus_Bodensee_2018-02-13_16-07-13.jpg,nature
Pipstrel-Virus_Bodensee_2018-02-13_16-07-14.jpg,nature
Pipstrel-Virus_Bodensee_2018-02-13_16-07-15.jpg,nature
Pipstrel-Virus_Bodensee_2018-02-13_16-07-16.jpg,nature
Pipstrel-Virus_Bodensee_2018-02-13_16-07-18.jpg,nature
Pipstrel-Virus_Bodensee_2018-02-13_16-07-20.jpg,nature
Pipstrel-Virus_Bodensee_2018-02-13_16-07-21.jpg,nature
Pipstrel-Virus_Bodensee_2018-02-13_16-07-22.jpg,nature
Pipstrel-Virus_Bodensee_2018-02-13_16-07-23.jpg,nature
Pipstrel-Virus_Bodensee_2018-02-13_16-07-24.jpg,nature
Pipstrel-Virus_Bodensee_2018-02-13_16-07-25.jpg,nature
Pipstrel-Virus_Bodensee_2018-02-13_16-07-26.jpg,nature
Pipstrel-Virus_Bodensee_2018-02-13_16-07-29.jpg,nature
Pipstrel-Virus_Bodensee_2018-02-13_16-07-30.jpg,nature
Pipstrel-Virus_Bodensee_2018-02-13_16-07-31.jpg,nature
Pipstrel-Virus_Bodensee_2018-02-13_16-07-32.jpg,nature
Pipstrel-Virus_Bodensee_2018-02-13_16-07-33.jpg,nature
Pipstrel-Virus_Bodensee_2018-02-13_16-07-34.jpg,nature
Pipstrel-Virus_Bodensee_2018-02-13_16-07-35.jpg,nature
Pipstrel-Virus_Bodensee_2018-02-13_16-07-37.jpg,nature
Pipstrel-Virus_Bodensee_2018-02-13_16-07-38.jpg,nature
Pipstrel-Virus_Bodensee_2018-02-13_16-07-39.jpg,nature
Pipstrel-Virus_Bodensee_2018-02-13_16-07-40.jpg,nature
Pipstrel-Virus_Bodensee_2018-02-13_16-07-41.jpg,nature
Pipstrel-Virus_Bodensee_2018-02-13_16-07-42.jpg,nature
Pipstrel-Virus_Bodensee_2018-02-13_16-07-44.jpg,nature
Pipstrel-Virus_Bodensee_2018-02-13_16-07-47.jpg,nature
Pipstrel-Virus_Bodensee_2018-02-13_16-07-48.jpg,nature
Pipstrel-Virus_Bodensee_2018-02-13_16-07-49.jpg,nature
Pipstrel-Virus_Bodensee_2018-02-13_16-07-51.jpg,nature
Pipstrel-Virus_Bodensee_2018-02-13_16-07-52.jpg,nature
Pipstrel-Virus_Bodensee_2018-02-13_16-07-54.jpg,nature
Pipstrel-Virus_Bodensee_2018-02-13_16-07-55.jpg,nature
Pipstrel-Virus_Bodensee_2018-02-13_16-07-56.jpg,nature
Pipstrel-Virus_Bodensee_2018-02-13_16-07-57.jpg,nature
Pipstrel-Virus_Bodensee_2018-02-13_16-07-58.jpg,nature
Pipstrel-Virus_Bodensee_2018-02-13_16-07-59.jpg,nature
Pipstrel-Virus_Bodensee_2018-02-13_16-08-00.jpg,nature
Pipstrel-Virus_Bodensee_2018-02-13_16-08-03.jpg,nature
Pipstrel-Virus_Bodensee_2018-02-13_16-08-05.jpg,nature
Pipstrel-Virus_Bodensee_2018-02-13_16-08-06.jpg,nature
Pipstrel-Virus_Bodensee_2018-02-13_16-08-07.jpg,nature
Pipstrel-Virus_Bodensee_2018-02-13_16-08-09.jpg,nature
Pipstrel-Virus_Bodensee_2018-02-13_16-08-10.jpg,nature
Pipstrel-Virus_Bodensee_2018-02-13_16-08-11.jpg,nature
Pipstrel-Virus_Bodensee_2018-02-13_16-08-12.jpg,nature
Pipstrel-Virus_Bodensee_2018-02-13_16-08-13.jpg,nature
Pipstrel-Virus_Bodensee_2018-02-13_16-08-14.jpg,nature
Pipstrel-Virus_Bodensee_2018-02-13_16-08-15.jpg,nature
Pipstrel-Virus_Bodensee_2018-02-13_16-08-16.jpg,nature
Pipstrel-Virus_Bodensee_2018-02-13_16-08-18.jpg,nature
Pipstrel-Virus_Bodensee_2018-02-13_16-08-19.jpg,nature
Pipstrel-Virus_Bodensee_2018-02-13_16-08-20.jpg,nature
Pipstrel-Virus_Bodensee_2018-02-13_16-08-21.jpg,nature
Pipstrel-Virus_Bodensee_2018-02-13_16-08-22.jpg,nature
Pipstrel-Virus_Bodensee_2018-02-13_16-08-23.jpg,nature
Pipstrel-Virus_Bodensee_2018-02-13_16-08-25.jpg,nature
Pipstrel-Virus_Bodensee_2018-02-13_16-08-26.jpg,nature
Pipstrel-Virus_Bodensee_2018-02-13_16-08-27.jpg,nature
Pipstrel-Virus_Bodensee_2018-02-13_16-08-28.jpg,nature
Pipstrel-Virus_Bodensee_2018-02-13_16-08-29.jpg,nature
Pipstrel-Virus_Bodensee_2018-02-13_16-08-30.jpg,nature
Pipstrel-Virus_Bodensee_2018-02-13_16-08-31.jpg,nature
Pipstrel-Virus_Bodensee_2018-02-13_16-08-32.jpg,nature
Pipstrel-Virus_Bodensee_2018-02-13_16-08-34.jpg,nature
Pipstrel-Virus_Bodensee_2018-02-13_16-08-35.jpg,nature
Pipstrel-Virus_Bodensee_2018-02-13_16-08-36.jpg,nature
Pipstrel-Virus_Bodensee_2018-02-13_16-08-37.jpg,nature
Pipstrel-Virus_Bodensee_2018-02-13_16-08-38.jpg,nature
Pipstrel-Virus_Bodensee_2018-02-13_16-08-39.jpg,nature
Pipstrel-Virus_Bodensee_2018-02-13_16-08-40.jpg,nature
Pipstrel-Virus_Bodensee_2018-02-13_16-08-41.jpg,nature
Pipstrel-Virus_Bodensee_2018-02-13_16-08-43.jpg,nature
Pipstrel-Virus_Bodensee_2018-02-13_16-08-44.jpg,nature
Pipstrel-Virus_Bodensee_2018-02-13_16-08-45.jpg,nature
Pipstrel-Virus_Bodensee_2018-02-13_16-08-46.jpg,nature
Pipstrel-Virus_Bodensee_2018-02-13_16-08-47.jpg,nature
Pipstrel-Virus_Bodensee_2018-02-13_16-08-48.jpg,nature
Pipstrel-Virus_Bodensee_2018-02-13_16-08-50.jpg,nature
Pipstrel-Virus_Bodensee_2018-02-13_16-08-54.jpg,nature
Pipstrel-Virus_Bodensee_2018-02-13_16-08-55.jpg,nature
Pipstrel-Virus_Bodensee_2018-02-13_16-08-56.jpg,nature
Pipstrel-Virus_Bodensee_2018-02-13_16-08-57.jpg,nature
Pipstrel-Virus_Bodensee_2018-02-13_16-08-58.jpg,nature
Pipstrel-Virus_Bodensee_2018-02-13_16-08-59.jpg,nature
Pipstrel-Virus_Bodensee_2018-02-13_16-09-01.jpg,nature
Pipstrel-Virus_Bodensee_2018-02-13_16-09-02.jpg,nature
Pipstrel-Virus_Bodensee_2018-02-13_16-09-03.jpg,nature
Pipstrel-Virus_Bodensee_2018-02-13_16-09-04.jpg,nature
Pipstrel-Virus_Bodensee_2018-02-13_16-09-05.jpg,nature
Pipstrel-Virus_Bodensee_2018-02-13_16-09-06.jpg,nature
Pipstrel-Virus_Bodensee_2018-02-13_16-09-07.jpg,nature
Pipstrel-Virus_Bodensee_2018-02-13_16-09-08.jpg,nature
Pipstrel-Virus_Bodensee_2018-02-13_16-09-12.jpg,boat
Pipstrel-Virus_Bodensee_2018-02-13_16-09-13.jpg,boat
Pipstrel-Virus_Bodensee_2018-02-13_16-09-14.jpg,nature
Pipstrel-Virus_Bodensee_2018-02-13_16-09-15.jpg,nature
Pipstrel-Virus_Bodensee_2018-02-13_16-09-17.jpg,nature
Pipstrel-Virus_Bodensee_2018-02-13_16-09-18.jpg,nature
Pipstrel-Virus_Bodensee_2018-02-13_16-09-19.jpg,nature
Pipstrel-Virus_Bodensee_2018-02-13_16-09-20.jpg,nature
Pipstrel-Virus_Bodensee_2018-02-13_16-09-21.jpg,nature
Pipstrel-Virus_Bodensee_2018-02-13_16-09-22.jpg,nature
Pipstrel-Virus_Bodensee_2018-02-13_16-09-23.jpg,nature
Pipstrel-Virus_Bodensee_2018-02-13_16-09-27.jpg,nature
Pipstrel-Virus_Bodensee_2018-02-13_16-09-28.jpg,boat
Pipstrel-Virus_Bodensee_2018-02-13_16-09-29.jpg,boat
Pipstrel-Virus_Bodensee_2018-02-13_16-09-30.jpg,boat
Pipstrel-Virus_Bodensee_2018-02-13_16-09-31.jpg,boat
Pipstrel-Virus_Bodensee_2018-02-13_16-09-32.jpg,boat
Pipstrel-Virus_Bodensee_2018-02-13_16-09-34.jpg,boat
Pipstrel-Virus_Bodensee_2018-02-13_16-09-35.jpg,boat
Pipstrel-Virus_Bodensee_2018-02-13_16-09-36.jpg,boat
Pipstrel-Virus_Bodensee_2018-02-13_16-09-37.jpg,boat
Pipstrel-Virus_Bodensee_2018-02-13_16-09-38.jpg,boat
Pipstrel-Virus_Bodensee_2018-02-13_16-09-39.jpg,boat
Pipstrel-Virus_Bodensee_2018-02-13_16-09-40.jpg,boat
Pipstrel-Virus_Bodensee_2018-02-13_16-09-43.jpg,boat
Pipstrel-Virus_Bodensee_2018-02-13_16-09-44.jpg,boat
Pipstrel-Virus_Bodensee_2018-02-13_16-09-45.jpg,boat
Pipstrel-Virus_Bodensee_2018-02-13_16-09-46.jpg,boat
Pipstrel-Virus_Bodensee_2018-02-13_16-09-47.jpg,boat
Pipstrel-Virus_Bodensee_2018-02-13_16-09-48.jpg,boat
Pipstrel-Virus_Bodensee_2018-02-13_16-09-51.jpg,boat
Pipstrel-Virus_Bodensee_2018-02-13_16-10-23.jpg,boat
Pipstrel-Virus_Bodensee_2018-02-13_16-10-24.jpg,boat
Pipstrel-Virus_Bodensee_2018-02-13_16-10-31.jpg,boat
Pipstrel-Virus_Bodensee_2018-02-13_16-10-32.jpg,boat
Pipstrel-Virus_Bodensee_2018-02-13_16-10-33.jpg,boat
Pipstrel-Virus_Bodensee_2018-02-13_16-10-34.jpg,boat
Pipstrel-Virus_Bodensee_2018-02-13_16-10-37.jpg,boat
Pipstrel-Virus_Bodensee_2018-02-13_16-10-38.jpg,boat
Pipstrel-Virus_Bodensee_2018-02-13_16-10-39.jpg,boat
Pipstrel-Virus_Bodensee_2018-02-13_16-10-41.jpg,boat
Pipstrel-Virus_Bodensee_2018-02-13_16-10-42.jpg,boat
Pipstrel-Virus_Bodensee_2018-02-13_16-10-43.jpg,boat
Pipstrel-Virus_Bodensee_2018-02-13_16-10-44.jpg,boat
Pipstrel-Virus_Bodensee_2018-02-13_16-10-47.jpg,nature
Pipstrel-Virus_Bodensee_2018-02-13_16-10-49.jpg,nature
Pipstrel-Virus_Bodensee_2018-02-13_16-10-50.jpg,nature
Pipstrel-Virus_Bodensee_2018-02-13_16-10-51.jpg,nature
Pipstrel-Virus_Bodensee_2018-02-13_16-10-54.jpg,nature
Pipstrel-Virus_Bodensee_2018-02-13_16-10-55.jpg,nature
Pipstrel-Virus_Bodensee_2018-02-13_16-10-58.jpg,nature
Pipstrel-Virus_Bodensee_2018-02-13_16-10-59.jpg,nature
Pipstrel-Virus_Bodensee_2018-02-13_16-11-00.jpg,nature
Pipstrel-Virus_Bodensee_2018-02-13_16-11-01.jpg,nature
Pipstrel-Virus_Bodensee_2018-02-13_16-11-02.jpg,nature
Pipstrel-Virus_Bodensee_2018-02-13_16-11-03.jpg,nature
Pipstrel-Virus_Bodensee_2018-02-13_16-11-04.jpg,nature
Pipstrel-Virus_Bodensee_2018-02-13_16-11-06.jpg,nature
Pipstrel-Virus_Bodensee_2018-02-13_16-11-07.jpg,boat
Pipstrel-Virus_Bodensee_2018-02-13_16-11-08.jpg,boat
Pipstrel-Virus_Bodensee_2018-02-13_16-11-11.jpg,boat
Pipstrel-Virus_Bodensee_2018-02-13_16-11-12.jpg,boat
Pipstrel-Virus_Bodensee_2018-02-13_16-11-13.jpg,boat
Pipstrel-Virus_Bodensee_2018-02-13_16-11-14.jpg,boat
Pipstrel-Virus_Bodensee_2018-02-13_16-11-15.jpg,boat
Pipstrel-Virus_Bodensee_2018-02-13_16-11-17.jpg,boat
Pipstrel-Virus_Bodensee_2018-02-13_16-11-18.jpg,boat
Pipstrel-Virus_Bodensee_2018-02-13_16-11-19.jpg,boat
Pipstrel-Virus_Bodensee_2018-02-13_16-11-20.jpg,boat
Pipstrel-Virus_Bodensee_2018-02-13_16-11-21.jpg,boat
Pipstrel-Virus_Bodensee_2018-02-13_16-11-22.jpg,boat
Pipstrel-Virus_Bodensee_2018-02-13_16-11-23.jpg,boat
Pipstrel-Virus_Bodensee_2018-02-13_16-11-30.jpg,boat
Pipstrel-Virus_Bodensee_2018-02-13_16-11-31.jpg,boat
Pipstrel-Virus_Bodensee_2018-02-13_16-11-32.jpg,boat
Pipstrel-Virus_Bodensee_2018-02-13_16-11-33.jpg,boat
Pipstrel-Virus_Bodensee_2018-02-13_16-11-34.jpg,boat
Pipstrel-Virus_Bodensee_2018-02-13_16-11-35.jpg,boat
Pipstrel-Virus_Bodensee_2018-02-13_16-11-37.jpg,boat
Pipstrel-Virus_Bodensee_2018-02-13_16-11-38.jpg,boat
Pipstrel-Virus_Bodensee_2018-02-13_16-11-39.jpg,boat
Pipstrel-Virus_Bodensee_2018-02-13_16-11-40.jpg,boat
Pipstrel-Virus_Bodensee_2018-02-13_16-11-41.jpg,boat
Pipstrel-Virus_Bodensee_2018-02-13_16-11-42.jpg,boat
Pipstrel-Virus_Bodensee_2018-02-13_16-11-43.jpg,boat
Pipstrel-Virus_Bodensee_2018-02-13_16-11-45.jpg,boat
Pipstrel-Virus_Bodensee_2018-02-13_16-11-46.jpg,boat
Pipstrel-Virus_Bodensee_2018-02-13_16-11-47.jpg,boat
Pipstrel-Virus_Bodensee_2018-02-13_16-11-48.jpg,boat
Pipstrel-Virus_Bodensee_2018-02-13_16-11-49.jpg,boat
Pipstrel-Virus_Bodensee_2018-02-13_16-11-50.jpg,boat
Pipstrel-Virus_Bodensee_2018-02-13_16-11-51.jpg,boat
Pipstrel-Virus_Bodensee_2018-02-13_16-11-52.jpg,nature
Pipstrel-Virus_Bodensee_2018-02-13_16-11-54.jpg,nature
Pipstrel-Virus_Bodensee_2018-02-13_16-11-55.jpg,nature
Pipstrel-Virus_Bodensee_2018-02-13_16-11-56.jpg,nature
Pipstrel-Virus_Bodensee_2018-02-13_16-11-57.jpg,nature
Pipstrel-Virus_Bodensee_2018-02-13_16-12-02.jpg,boat
Pipstrel-Virus_Bodensee_2018-02-13_16-12-03.jpg,boat
Pipstrel-Virus_Bodensee_2018-02-13_16-12-04.jpg,boat
Pipstrel-Virus_Bodensee_2018-02-13_16-12-05.jpg,boat
Pipstrel-Virus_Bodensee_2018-02-13_16-12-07.jpg,boat
Pipstrel-Virus_Bodensee_2018-02-13_16-12-09.jpg,boat
Pipstrel-Virus_Bodensee_2018-02-13_16-12-10.jpg,boat
Pipstrel-Virus_Bodensee_2018-02-13_16-12-11.jpg,boat
Pipstrel-Virus_Bodensee_2018-02-13_16-12-12.jpg,nature
Pipstrel-Virus_Bodensee_2018-02-13_16-12-13.jpg,nature
Pipstrel-Virus_Bodensee_2018-02-13_16-12-14.jpg,nature
Pipstrel-Virus_Bodensee_2018-02-13_16-12-15.jpg,nature
Pipstrel-Virus_Bodensee_2018-02-13_16-12-19.jpg,nature
Pipstrel-Virus_Bodensee_2018-02-13_16-12-20.jpg,nature
Pipstrel-Virus_Bodensee_2018-02-13_16-12-21.jpg,nature
Pipstrel-Virus_Bodensee_2018-02-13_16-12-22.jpg,nature
Pipstrel-Virus_Bodensee_2018-02-13_16-12-23.jpg,nature
Pipstrel-Virus_Bodensee_2018-02-13_16-12-24.jpg,nature
Pipstrel-Virus_Bodensee_2018-02-13_16-12-25.jpg,nature
Pipstrel-Virus_Bodensee_2018-02-13_16-12-26.jpg,nature
Pipstrel-Virus_Bodensee_2018-02-13_16-12-28.jpg,nature
Pipstrel-Virus_Bodensee_2018-02-13_16-12-29.jpg,boat
Pipstrel-Virus_Bodensee_2018-02-13_16-12-30.jpg,boat
Pipstrel-Virus_Bodensee_2018-02-13_16-12-31.jpg,boat
Pipstrel-Virus_Bodensee_2018-02-13_16-12-32.jpg,boat
Pipstrel-Virus_Bodensee_2018-02-13_16-12-36.jpg,boat
Pipstrel-Virus_Bodensee_2018-02-13_16-12-37.jpg,boat
Pipstrel-Virus_Bodensee_2018-02-13_16-12-38.jpg,boat
Pipstrel-Virus_Bodensee_2018-02-13_16-12-39.jpg,nature
Pipstrel-Virus_Bodensee_2018-02-13_16-12-40.jpg,nature
Pipstrel-Virus_Bodensee_2018-02-13_16-12-41.jpg,nature
Pipstrel-Virus_Bodensee_2018-02-13_16-12-42.jpg,nature
Pipstrel-Virus_Bodensee_2018-02-13_16-12-43.jpg,nature
Pipstrel-Virus_Bodensee_2018-02-13_16-12-45.jpg,nature
Pipstrel-Virus_Bodensee_2018-02-13_16-12-46.jpg,nature
Pipstrel-Virus_Bodensee_2018-02-13_16-12-47.jpg,nature
Pipstrel-Virus_Bodensee_2018-02-13_16-12-48.jpg,nature
Pipstrel-Virus_Bodensee_2018-02-13_16-12-49.jpg,nature
Pipstrel-Virus_Bodensee_2018-02-13_16-12-51.jpg,nature
Pipstrel-Virus_Bodensee_2018-02-13_16-12-53.jpg,nature
Pipstrel-Virus_Bodensee_2018-02-13_16-12-54.jpg,nature
Pipstrel-Virus_Bodensee_2018-02-13_16-12-55.jpg,nature
Pipstrel-Virus_Bodensee_2018-02-13_16-12-56.jpg,nature
Pipstrel-Virus_Bodensee_2018-02-13_16-12-57.jpg,nature
Pipstrel-Virus_Bodensee_2018-02-13_16-12-58.jpg,nature
Pipstrel-Virus_Bodensee_2018-02-13_16-12-59.jpg,nature
Pipstrel-Virus_Bodensee_2018-02-13_16-13-00.jpg,nature
Pipstrel-Virus_Bodensee_2018-02-13_16-13-02.jpg,nature
Pipstrel-Virus_Bodensee_2018-02-13_16-13-03.jpg,nature
Pipstrel-Virus_Bodensee_2018-02-13_16-13-07.jpg,boat
Pipstrel-Virus_Bodensee_2018-02-13_16-13-08.jpg,boat
Pipstrel-Virus_Bodensee_2018-02-13_16-13-09.jpg,boat
Pipstrel-Virus_Bodensee_2018-02-13_16-13-10.jpg,boat
Pipstrel-Virus_Bodensee_2018-02-13_16-13-11.jpg,boat
Pipstrel-Virus_Bodensee_2018-02-13_16-13-12.jpg,boat
Pipstrel-Virus_Bodensee_2018-02-13_16-13-14.jpg,boat
Pipstrel-Virus_Bodensee_2018-02-13_16-13-15.jpg,boat
Pipstrel-Virus_Bodensee_2018-02-13_16-13-16.jpg,nature
Pipstrel-Virus_Bodensee_2018-02-13_16-13-17.jpg,nature
Pipstrel-Virus_Bodensee_2018-02-13_16-13-18.jpg,nature
Pipstrel-Virus_Bodensee_2018-02-13_16-13-19.jpg,nature
Pipstrel-Virus_Bodensee_2018-02-13_16-13-20.jpg,nature
Pipstrel-Virus_Bodensee_2018-02-13_16-13-21.jpg,nature
Pipstrel-Virus_Bodensee_2018-02-13_16-13-23.jpg,nature
Pipstrel-Virus_Bodensee_2018-02-13_16-13-25.jpg,nature
Pipstrel-Virus_Bodensee_2018-02-13_16-13-26.jpg,nature
Pipstrel-Virus_Bodensee_2018-02-13_16-13-27.jpg,nature
Pipstrel-Virus_Bodensee_2018-02-13_16-13-28.jpg,nature
Pipstrel-Virus_Bodensee_2018-02-13_16-13-31.jpg,nature
Pipstrel-Virus_Bodensee_2018-02-13_16-13-32.jpg,nature
Pipstrel-Virus_Bodensee_2018-02-13_16-13-33.jpg,nature
Pipstrel-Virus_Bodensee_2018-02-13_16-13-34.jpg,nature
Pipstrel-Virus_Bodensee_2018-02-13_16-13-35.jpg,nature
Pipstrel-Virus_Bodensee_2018-02-13_16-13-36.jpg,nature
Pipstrel-Virus_Bodensee_2018-02-13_16-13-37.jpg,nature
Pipstrel-Virus_Bodensee_2018-02-13_16-13-41.jpg,nature
Pipstrel-Virus_Bodensee_2018-02-13_16-13-42.jpg,nature
Pipstrel-Virus_Bodensee_2018-02-13_16-13-43.jpg,nature
Pipstrel-Virus_Bodensee_2018-02-13_16-13-44.jpg,nature
Pipstrel-Virus_Bodensee_2018-02-13_16-13-45.jpg,nature
Pipstrel-Virus_Bodensee_2018-02-13_16-13-46.jpg,nature
Pipstrel-Virus_Bodensee_2018-02-13_16-13-48.jpg,nature
Pipstrel-Virus_Bodensee_2018-02-13_16-13-49.jpg,nature
Pipstrel-Virus_Bodensee_2018-02-13_16-13-50.jpg,nature
Pipstrel-Virus_Bodensee_2018-02-13_16-13-51.jpg,nature
Pipstrel-Virus_Bodensee_2018-02-13_16-13-52.jpg,nature
Pipstrel-Virus_Bodensee_2018-02-13_16-13-53.jpg,nature
Pipstrel-Virus_Bodensee_2018-02-13_16-13-55.jpg,nature
Pipstrel-Virus_Bodensee_2018-02-13_16-13-58.jpg,nature
Pipstrel-Virus_Bodensee_2018-02-13_16-13-59.jpg,nature
Pipstrel-Virus_Bodensee_2018-02-13_16-14-00.jpg,nature
Pipstrel-Virus_Bodensee_2018-02-13_16-14-01.jpg,nature
Pipstrel-Virus_Bodensee_2018-02-13_16-14-02.jpg,nature
Pipstrel-Virus_Bodensee_2018-02-13_16-14-03.jpg,nature
Pipstrel-Virus_Bodensee_2018-02-13_16-14-05.jpg,nature
Pipstrel-Virus_Bodensee_2018-02-13_16-14-06.jpg,nature
Pipstrel-Virus_Bodensee_2018-02-13_16-14-07.jpg,nature
Pipstrel-Virus_Bodensee_2018-02-13_16-14-08.jpg,nature
Pipstrel-Virus_Bodensee_2018-02-13_16-14-09.jpg,nature
Pipstrel-Virus_Bodensee_2018-02-13_16-14-10.jpg,nature
Pipstrel-Virus_Bodensee_2018-02-13_16-14-14.jpg,nature
Pipstrel-Virus_Bodensee_2018-02-13_16-14-15.jpg,nature
Pipstrel-Virus_Bodensee_2018-02-13_16-14-17.jpg,nature
Pipstrel-Virus_Bodensee_2018-02-13_16-14-18.jpg,nature
Pipstrel-Virus_Bodensee_2018-02-13_16-14-19.jpg,nature
Pipstrel-Virus_Bodensee_2018-02-13_16-14-20.jpg,nature
Pipstrel-Virus_Bodensee_2018-02-13_16-14-21.jpg,nature
Pipstrel-Virus_Bodensee_2018-02-13_16-14-22.jpg,nature
Pipstrel-Virus_Bodensee_2018-02-13_16-14-23.jpg,nature
Pipstrel-Virus_Bodensee_2018-02-13_16-14-25.jpg,nature
Pipstrel-Virus_Bodensee_2018-02-13_16-14-26.jpg,nature
Pipstrel-Virus_Bodensee_2018-02-13_16-14-28.jpg,nature
Pipstrel-Virus_Bodensee_2018-02-13_16-14-29.jpg,nature
Pipstrel-Virus_Bodensee_2018-02-13_16-14-30.jpg,nature
Pipstrel-Virus_Bodensee_2018-02-13_16-14-31.jpg,boat
Pipstrel-Virus_Bodensee_2018-02-13_16-14-33.jpg,boat
Pipstrel-Virus_Bodensee_2018-02-13_16-14-34.jpg,boat
Pipstrel-Virus_Bodensee_2018-02-13_16-14-35.jpg,boat
Pipstrel-Virus_Bodensee_2018-02-13_16-14-36.jpg,nature
Pipstrel-Virus_Bodensee_2018-02-13_16-14-37.jpg,nature
Pipstrel-Virus_Bodensee_2018-02-13_16-14-38.jpg,nature
Pipstrel-Virus_Bodensee_2018-02-13_16-14-40.jpg,nature
Pipstrel-Virus_Bodensee_2018-02-13_16-14-41.jpg,nature
Pipstrel-Virus_Bodensee_2018-02-13_16-14-42.jpg,nature
Pipstrel-Virus_Bodensee_2018-02-13_16-14-43.jpg,nature
Pipstrel-Virus_Bodensee_2018-02-13_16-14-47.jpg,boat
Pipstrel-Virus_Bodensee_2018-02-13_16-14-49.jpg,boat
Pipstrel-Virus_Bodensee_2018-02-13_16-14-50.jpg,boat
Pipstrel-Virus_Bodensee_2018-02-13_16-14-51.jpg,boat
Pipstrel-Virus_Bodensee_2018-02-13_16-14-52.jpg,boat
Pipstrel-Virus_Bodensee_2018-02-13_16-14-53.jpg,nature
Pipstrel-Virus_Bodensee_2018-02-13_16-14-54.jpg,boat
Pipstrel-Virus_Bodensee_2018-02-13_16-14-56.jpg,boat
Pipstrel-Virus_Bodensee_2018-02-13_16-14-58.jpg,boat
Pipstrel-Virus_Bodensee_2018-02-13_16-14-59.jpg,boat
Pipstrel-Virus_Bodensee_2018-02-13_16-15-00.jpg,boat
Pipstrel-Virus_Bodensee_2018-02-13_16-15-01.jpg,boat
Pipstrel-Virus_Bodensee_2018-02-13_16-15-03.jpg,boat
Pipstrel-Virus_Bodensee_2018-02-13_16-15-05.jpg,boat
Pipstrel-Virus_Bodensee_2018-02-13_16-15-07.jpg,boat
Pipstrel-Virus_Bodensee_2018-02-13_16-15-08.jpg,boat
Pipstrel-Virus_Bodensee_2018-02-13_16-15-09.jpg,boat
Pipstrel-Virus_Bodensee_2018-02-13_16-15-10.jpg,boat
Pipstrel-Virus_Bodensee_2018-02-13_16-15-12.jpg,boat
Pipstrel-Virus_Bodensee_2018-02-13_16-15-14.jpg,boat
Pipstrel-Virus_Bodensee_2018-02-13_16-15-15.jpg,boat
Pipstrel-Virus_Bodensee_2018-02-13_16-15-16.jpg,boat
Pipstrel-Virus_Bodensee_2018-02-13_16-15-18.jpg,nature
Pipstrel-Virus_Bodensee_2018-02-13_16-15-19.jpg,nature
Pipstrel-Virus_Bodensee_2018-02-13_16-15-20.jpg,nature
Pipstrel-Virus_Bodensee_2018-02-13_16-15-21.jpg,boat
Pipstrel-Virus_Bodensee_2018-02-13_16-15-22.jpg,boat
Pipstrel-Virus_Bodensee_2018-02-13_16-15-23.jpg,boat
Pipstrel-Virus_Bodensee_2018-02-13_16-15-24.jpg,boat
Pipstrel-Virus_Bodensee_2018-02-13_16-15-26.jpg,boat
Pipstrel-Virus_Bodensee_2018-02-13_16-15-27.jpg,boat
Pipstrel-Virus_Bodensee_2018-02-13_16-15-28.jpg,boat
Pipstrel-Virus_Bodensee_2018-02-13_16-15-29.jpg,boat
Pipstrel-Virus_Bodensee_2018-02-13_16-15-30.jpg,boat
Pipstrel-Virus_Bodensee_2018-02-13_16-15-31.jpg,boat
Pipstrel-Virus_Bodensee_2018-02-13_16-15-37.jpg,boat
Pipstrel-Virus_Bodensee_2018-02-13_16-15-39.jpg,boat
Pipstrel-Virus_Bodensee_2018-02-13_16-15-40.jpg,boat
Pipstrel-Virus_Bodensee_2018-02-13_16-15-41.jpg,boat
Pipstrel-Virus_Bodensee_2018-02-13_16-15-42.jpg,boat
Pipstrel-Virus_Bodensee_2018-02-13_16-15-43.jpg,boat
Pipstrel-Virus_Bodensee_2018-02-13_16-15-44.jpg,boat
Pipstrel-Virus_Bodensee_2018-02-13_16-15-45.jpg,boat
Pipstrel-Virus_Bodensee_2018-02-13_16-15-46.jpg,boat
Pipstrel-Virus_Bodensee_2018-02-13_16-15-48.jpg,boat
Pipstrel-Virus_Bodensee_2018-02-13_16-15-49.jpg,boat
Pipstrel-Virus_Bodensee_2018-02-13_16-15-50.jpg,boat
Pipstrel-Virus_Bodensee_2018-02-13_16-15-51.jpg,boat
Pipstrel-Virus_Bodensee_2018-02-13_16-15-52.jpg,boat
Pipstrel-Virus_Bodensee_2018-02-13_16-15-54.jpg,boat
Pipstrel-Virus_Bodensee_2018-02-13_16-15-55.jpg,boat
Pipstrel-Virus_Bodensee_2018-02-13_16-15-56.jpg,boat
Pipstrel-Virus_Bodensee_2018-02-13_16-15-57.jpg,boat
Pipstrel-Virus_Bodensee_2018-02-13_16-16-08.jpg,boat
Pipstrel-Virus_Bodensee_2018-02-13_16-16-11.jpg,boat
Pipstrel-Virus_Bodensee_2018-02-13_16-16-12.jpg,boat
Pipstrel-Virus_Bodensee_2018-02-13_16-16-13.jpg,boat
Pipstrel-Virus_Bodensee_2018-02-13_16-16-14.jpg,boat
Pipstrel-Virus_Bodensee_2018-02-13_16-16-17.jpg,boat
Pipstrel-Virus_Bodensee_2018-02-13_16-16-18.jpg,boat
Pipstrel-Virus_Bodensee_2018-02-13_16-16-19.jpg,boat
Pipstrel-Virus_Bodensee_2018-02-13_16-16-20.jpg,boat
Pipstrel-Virus_Bodensee_2018-02-13_16-16-21.jpg,boat
Pipstrel-Virus_Bodensee_2018-02-13_16-16-22.jpg,boat
Pipstrel-Virus_Bodensee_2018-02-13_16-16-24.jpg,boat
Pipstrel-Virus_Bodensee_2018-02-13_16-16-25.jpg,boat
Pipstrel-Virus_Bodensee_2018-02-13_16-16-26.jpg,nature
Pipstrel-Virus_Bodensee_2018-02-13_16-16-27.jpg,nature
Pipstrel-Virus_Bodensee_2018-02-13_16-16-28.jpg,nature
Pipstrel-Virus_Bodensee_2018-02-13_16-16-29.jpg,nature
Pipstrel-Virus_Bodensee_2018-02-13_16-16-30.jpg,nature
Pipstrel-Virus_Bodensee_2018-02-13_16-16-32.jpg,nature
Pipstrel-Virus_Bodensee_2018-02-13_16-16-33.jpg,nature
Pipstrel-Virus_Bodensee_2018-02-13_16-16-34.jpg,nature
Pipstrel-Virus_Bodensee_2018-02-13_16-16-35.jpg,nature
Pipstrel-Virus_Bodensee_2018-02-13_16-16-36.jpg,nature
Pipstrel-Virus_Bodensee_2018-02-13_16-16-37.jpg,nature
Pipstrel-Virus_Bodensee_2018-02-13_16-16-38.jpg,nature
Pipstrel-Virus_Bodensee_2018-02-13_16-16-40.jpg,nature
Pipstrel-Virus_Bodensee_2018-02-13_16-16-41.jpg,nature
Pipstrel-Virus_Bodensee_2018-02-13_16-16-45.jpg,nature
Pipstrel-Virus_Bodensee_2018-02-13_16-16-46.jpg,nature
Pipstrel-Virus_Bodensee_2018-02-13_16-16-47.jpg,nature
Pipstrel-Virus_Bodensee_2018-02-13_16-16-48.jpg,nature
Pipstrel-Virus_Bodensee_2018-02-13_16-16-49.jpg,nature
Pipstrel-Virus_Bodensee_2018-02-13_16-16-50.jpg,nature
Pipstrel-Virus_Bodensee_2018-02-13_16-16-52.jpg,nature
Pipstrel-Virus_Bodensee_2018-02-13_16-16-53.jpg,nature
Pipstrel-Virus_Bodensee_2018-02-13_16-16-54.jpg,nature
Pipstrel-Virus_Bodensee_2018-02-13_16-16-56.jpg,nature
Pipstrel-Virus_Bodensee_2018-02-13_16-16-57.jpg,nature
Pipstrel-Virus_Bodensee_2018-02-13_16-16-58.jpg,nature
Pipstrel-Virus_Bodensee_2018-02-13_16-16-59.jpg,nature
Pipstrel-Virus_Bodensee_2018-02-13_16-17-02.jpg,nature
Pipstrel-Virus_Bodensee_2018-02-13_16-17-03.jpg,nature
Pipstrel-Virus_Bodensee_2018-02-13_16-17-04.jpg,nature
Pipstrel-Virus_Bodensee_2018-02-13_16-17-05.jpg,nature
Pipstrel-Virus_Bodensee_2018-02-13_16-17-06.jpg,nature
Pipstrel-Virus_Bodensee_2018-02-13_16-17-08.jpg,nature
Pipstrel-Virus_Bodensee_2018-02-13_16-17-09.jpg,nature
Pipstrel-Virus_Bodensee_2018-02-13_16-17-11.jpg,nature
Pipstrel-Virus_Bodensee_2018-02-13_16-17-12.jpg,nature
Pipstrel-Virus_Bodensee_2018-02-13_16-17-13.jpg,nature
Pipstrel-Virus_Bodensee_2018-02-13_16-17-14.jpg,nature
Pipstrel-Virus_Bodensee_2018-02-13_16-17-16.jpg,nature
Pipstrel-Virus_Bodensee_2018-02-13_16-17-17.jpg,nature
Pipstrel-Virus_Bodensee_2018-02-13_16-17-18.jpg,nature
Pipstrel-Virus_Bodensee_2018-02-13_16-17-20.jpg,nature
Pipstrel-Virus_Bodensee_2018-02-13_16-17-21.jpg,nature
Pipstrel-Virus_Bodensee_2018-02-13_16-17-22.jpg,nature
Pipstrel-Virus_Bodensee_2018-02-13_16-17-24.jpg,nature
Pipstrel-Virus_Bodensee_2018-02-13_16-17-25.jpg,nature
Pipstrel-Virus_Bodensee_2018-02-13_16-17-26.jpg,nature
Pipstrel-Virus_Bodensee_2018-02-13_16-17-27.jpg,nature
Pipstrel-Virus_Bodensee_2018-02-13_16-17-28.jpg,nature
Pipstrel-Virus_Bodensee_2018-02-13_16-17-29.jpg,nature
Pipstrel-Virus_Bodensee_2018-02-13_16-17-30.jpg,nature
Pipstrel-Virus_Bodensee_2018-02-13_16-17-31.jpg,nature
Pipstrel-Virus_Bodensee_2018-02-13_16-17-33.jpg,nature
Pipstrel-Virus_Bodensee_2018-02-13_16-17-34.jpg,boat
Pipstrel-Virus_Bodensee_2018-02-13_16-17-35.jpg,boat
Pipstrel-Virus_Bodensee_2018-02-13_16-17-36.jpg,boat
Pipstrel-Virus_Bodensee_2018-02-13_16-17-37.jpg,boat
Pipstrel-Virus_Bodensee_2018-02-13_16-17-40.jpg,boat
Pipstrel-Virus_Bodensee_2018-02-13_16-17-41.jpg,boat
Pipstrel-Virus_Bodensee_2018-02-13_16-17-42.jpg,boat
Pipstrel-Virus_Bodensee_2018-02-13_16-17-43.jpg,boat
Pipstrel-Virus_Bodensee_2018-02-13_16-17-44.jpg,boat
Pipstrel-Virus_Bodensee_2018-02-13_16-17-45.jpg,boat
Pipstrel-Virus_Bodensee_2018-02-13_16-17-46.jpg,nature
Pipstrel-Virus_Bodensee_2018-02-13_16-17-52.jpg,nature
Pipstrel-Virus_Bodensee_2018-02-13_16-17-53.jpg,nature
Pipstrel-Virus_Bodensee_2018-02-13_16-17-54.jpg,nature
Pipstrel-Virus_Bodensee_2018-02-13_16-17-55.jpg,nature
Pipstrel-Virus_Bodensee_2018-02-13_16-17-56.jpg,nature
Pipstrel-Virus_Bodensee_2018-02-13_16-17-57.jpg,nature
Pipstrel-Virus_Bodensee_2018-02-13_16-17-58.jpg,nature
Pipstrel-Virus_Bodensee_2018-02-13_16-17-59.jpg,nature
Pipstrel-Virus_Bodensee_2018-02-13_16-18-01.jpg,nature
Pipstrel-Virus_Bodensee_2018-02-13_16-18-02.jpg,nature
Pipstrel-Virus_Bodensee_2018-02-13_16-18-03.jpg,nature
Pipstrel-Virus_Bodensee_2018-02-13_16-18-04.jpg,nature
Pipstrel-Virus_Bodensee_2018-02-13_16-18-05.jpg,nature
Pipstrel-Virus_Bodensee_2018-02-13_16-18-06.jpg,nature
Pipstrel-Virus_Bodensee_2018-02-13_16-18-07.jpg,nature
Pipstrel-Virus_Bodensee_2018-02-13_16-18-09.jpg,nature
Pipstrel-Virus_Bodensee_2018-02-13_16-18-10.jpg,nature
Pipstrel-Virus_Bodensee_2018-02-13_16-18-11.jpg,nature
Pipstrel-Virus_Bodensee_2018-02-13_16-18-12.jpg,nature
Pipstrel-Virus_Bodensee_2018-02-13_16-18-13.jpg,nature
Pipstrel-Virus_Bodensee_2018-02-13_16-18-14.jpg,nature
Pipstrel-Virus_Bodensee_2018-02-13_16-18-16.jpg,nature
Pipstrel-Virus_Bodensee_2018-02-13_16-18-18.jpg,nature
Pipstrel-Virus_Bodensee_2018-02-13_16-18-19.jpg,nature
Pipstrel-Virus_Bodensee_2018-02-13_16-18-20.jpg,nature
Pipstrel-Virus_Bodensee_2018-02-13_16-18-21.jpg,nature
Pipstrel-Virus_Bodensee_2018-02-13_16-18-23.jpg,nature
Pipstrel-Virus_Bodensee_2018-02-13_16-18-25.jpg,nature
Pipstrel-Virus_Bodensee_2018-02-13_16-18-26.jpg,nature
Pipstrel-Virus_Bodensee_2018-02-13_16-18-27.jpg,nature
Pipstrel-Virus_Bodensee_2018-02-13_16-18-28.jpg,nature
Pipstrel-Virus_Bodensee_2018-02-13_16-18-29.jpg,nature
Pipstrel-Virus_Bodensee_2018-02-13_16-18-30.jpg,boat
Pipstrel-Virus_Bodensee_2018-02-13_16-18-31.jpg,boat
Pipstrel-Virus_Bodensee_2018-02-13_16-18-32.jpg,nature
Pipstrel-Virus_Bodensee_2018-02-13_16-18-34.jpg,nature
Pipstrel-Virus_Bodensee_2018-02-13_16-18-35.jpg,nature
Pipstrel-Virus_Bodensee_2018-02-13_16-18-36.jpg,nature
Pipstrel-Virus_Bodensee_2018-02-13_16-18-38.jpg,nature
Pipstrel-Virus_Bodensee_2018-02-13_16-18-40.jpg,nature
Pipstrel-Virus_Bodensee_2018-02-13_16-18-41.jpg,nature
Pipstrel-Virus_Bodensee_2018-02-13_16-18-42.jpg,nature
Pipstrel-Virus_Bodensee_2018-02-13_16-18-43.jpg,nature
Pipstrel-Virus_Bodensee_2018-02-13_16-18-45.jpg,nature
Pipstrel-Virus_Bodensee_2018-02-13_16-18-46.jpg,nature
Pipstrel-Virus_Bodensee_2018-02-13_16-18-47.jpg,nature
Pipstrel-Virus_Bodensee_2018-02-13_16-18-49.jpg,nature
Pipstrel-Virus_Bodensee_2018-02-13_16-18-50.jpg,nature
Pipstrel-Virus_Bodensee_2018-02-13_16-18-51.jpg,nature
Pipstrel-Virus_Bodensee_2018-02-13_16-18-52.jpg,boat
Pipstrel-Virus_Bodensee_2018-02-13_16-18-53.jpg,boat
Pipstrel-Virus_Bodensee_2018-02-13_16-18-57.jpg,boat
Pipstrel-Virus_Bodensee_2018-02-13_16-18-58.jpg,boat
Pipstrel-Virus_Bodensee_2018-02-13_16-18-59.jpg,boat
Pipstrel-Virus_Bodensee_2018-02-13_16-19-00.jpg,boat
Pipstrel-Virus_Bodensee_2018-02-13_16-19-01.jpg,boat
Pipstrel-Virus_Bodensee_2018-02-13_16-19-02.jpg,boat
Pipstrel-Virus_Bodensee_2018-02-13_16-19-03.jpg,boat
Pipstrel-Virus_Bodensee_2018-02-13_16-19-04.jpg,boat
Pipstrel-Virus_Bodensee_2018-02-13_16-19-06.jpg,nature
Pipstrel-Virus_Bodensee_2018-02-13_16-19-07.jpg,nature
Pipstrel-Virus_Bodensee_2018-02-13_16-19-08.jpg,nature
Pipstrel-Virus_Bodensee_2018-02-13_16-19-09.jpg,nature
Pipstrel-Virus_Bodensee_2018-02-13_16-19-11.jpg,nature
Pipstrel-Virus_Bodensee_2018-02-13_16-19-12.jpg,nature
Pipstrel-Virus_Bodensee_2018-02-13_16-19-13.jpg,nature
Pipstrel-Virus_Bodensee_2018-02-13_16-19-15.jpg,nature
Pipstrel-Virus_Bodensee_2018-02-13_16-19-16.jpg,nature
Pipstrel-Virus_Bodensee_2018-02-13_16-19-17.jpg,nature
Pipstrel-Virus_Bodensee_2018-02-13_16-19-18.jpg,nature
Pipstrel-Virus_Bodensee_2018-02-13_16-19-19.jpg,nature
Pipstrel-Virus_Bodensee_2018-02-13_16-19-20.jpg,nature
Pipstrel-Virus_Bodensee_2018-02-13_16-19-21.jpg,boat
Pipstrel-Virus_Bodensee_2018-02-13_16-19-22.jpg,boat
Pipstrel-Virus_Bodensee_2018-02-13_16-19-26.jpg,boat
Pipstrel-Virus_Bodensee_2018-02-13_16-19-27.jpg,boat
Pipstrel-Virus_Bodensee_2018-02-13_16-19-28.jpg,boat
Pipstrel-Virus_Bodensee_2018-02-13_16-19-29.jpg,boat
Pipstrel-Virus_Bodensee_2018-02-13_16-19-30.jpg,boat
Pipstrel-Virus_Bodensee_2018-02-13_16-19-31.jpg,boat
Pipstrel-Virus_Bodensee_2018-02-13_16-19-32.jpg,boat
Pipstrel-Virus_Bodensee_2018-02-13_16-19-34.jpg,boat
Pipstrel-Virus_Bodensee_2018-02-13_16-19-35.jpg,boat
Pipstrel-Virus_Bodensee_2018-02-13_16-19-36.jpg,nature
Pipstrel-Virus_Bodensee_2018-02-13_16-19-37.jpg,nature
Pipstrel-Virus_Bodensee_2018-02-13_16-19-38.jpg,nature
Pipstrel-Virus_Bodensee_2018-02-13_16-19-39.jpg,boat
Pipstrel-Virus_Bodensee_2018-02-13_16-19-42.jpg,boat
Pipstrel-Virus_Bodensee_2018-02-13_16-19-43.jpg,boat
Pipstrel-Virus_Bodensee_2018-02-13_16-19-44.jpg,boat
Pipstrel-Virus_Bodensee_2018-02-13_16-19-46.jpg,boat
Pipstrel-Virus_Bodensee_2018-02-13_16-19-47.jpg,boat
Pipstrel-Virus_Bodensee_2018-02-13_16-19-48.jpg,boat
Pipstrel-Virus_Bodensee_2018-02-13_16-19-49.jpg,boat
Pipstrel-Virus_Bodensee_2018-02-13_16-19-51.jpg,boat
Pipstrel-Virus_Bodensee_2018-02-13_16-19-52.jpg,nature
Pipstrel-Virus_Bodensee_2018-02-13_16-19-53.jpg,nature
Pipstrel-Virus_Bodensee_2018-02-13_16-19-55.jpg,nature
Pipstrel-Virus_Bodensee_2018-02-13_16-19-57.jpg,nature
Pipstrel-Virus_Bodensee_2018-02-13_16-19-58.jpg,nature
Pipstrel-Virus_Bodensee_2018-02-13_16-19-59.jpg,nature
Pipstrel-Virus_Bodensee_2018-02-13_16-20-00.jpg,nature
Pipstrel-Virus_Bodensee_2018-02-13_16-20-01.jpg,nature
Pipstrel-Virus_Bodensee_2018-02-13_16-20-04.jpg,nature
Pipstrel-Virus_Bodensee_2018-02-13_16-20-05.jpg,nature
Pipstrel-Virus_Bodensee_2018-02-13_16-20-06.jpg,nature
Pipstrel-Virus_Bodensee_2018-02-13_16-20-07.jpg,nature
Pipstrel-Virus_Bodensee_2018-02-13_16-20-09.jpg,nature
Pipstrel-Virus_Bodensee_2018-02-13_16-20-10.jpg,nature
Pipstrel-Virus_Bodensee_2018-02-13_16-20-12.jpg,nature
Pipstrel-Virus_Bodensee_2018-02-13_16-20-16.jpg,nature
Pipstrel-Virus_Bodensee_2018-02-13_16-20-17.jpg,nature
Pipstrel-Virus_Bodensee_2018-02-13_16-20-19.jpg,boat
Pipstrel-Virus_Bodensee_2018-02-13_16-20-20.jpg,boat
Pipstrel-Virus_Bodensee_2018-02-13_16-20-21.jpg,boat
Pipstrel-Virus_Bodensee_2018-02-13_16-20-22.jpg,boat
Pipstrel-Virus_Bodensee_2018-02-13_16-20-23.jpg,boat
Pipstrel-Virus_Bodensee_2018-02-13_16-20-24.jpg,boat
Pipstrel-Virus_Bodensee_2018-02-13_16-20-25.jpg,boat
Pipstrel-Virus_Bodensee_2018-02-13_16-20-26.jpg,boat
Pipstrel-Virus_Bodensee_2018-02-13_16-20-28.jpg,nature
Pipstrel-Virus_Bodensee_2018-02-13_16-20-29.jpg,nature
Pipstrel-Virus_Bodensee_2018-02-13_16-20-30.jpg,nature
Pipstrel-Virus_Bodensee_2018-02-13_16-20-33.jpg,nature
Pipstrel-Virus_Bodensee_2018-02-13_16-20-34.jpg,nature
Pipstrel-Virus_Bodensee_2018-02-13_16-20-35.jpg,nature
Pipstrel-Virus_Bodensee_2018-02-13_16-20-36.jpg,nature
Pipstrel-Virus_Bodensee_2018-02-13_16-20-37.jpg,nature
Pipstrel-Virus_Bodensee_2018-02-13_16-20-39.jpg,nature
Pipstrel-Virus_Bodensee_2018-02-13_16-20-40.jpg,nature
Pipstrel-Virus_Bodensee_2018-02-13_16-20-41.jpg,nature
Pipstrel-Virus_Bodensee_2018-02-13_16-20-42.jpg,nature
Pipstrel-Virus_Bodensee_2018-02-13_16-20-43.jpg,nature
Pipstrel-Virus_Bodensee_2018-02-13_16-20-44.jpg,nature
Pipstrel-Virus_Bodensee_2018-02-13_16-20-45.jpg,nature
Pipstrel-Virus_Bodensee_2018-02-13_16-20-49.jpg,nature
Pipstrel-Virus_Bodensee_2018-02-13_16-20-50.jpg,nature
Pipstrel-Virus_Bodensee_2018-02-13_16-20-51.jpg,nature
Pipstrel-Virus_Bodensee_2018-02-13_16-20-53.jpg,nature
Pipstrel-Virus_Bodensee_2018-02-13_16-20-54.jpg,nature
Pipstrel-Virus_Bodensee_2018-02-13_16-20-56.jpg,nature
Pipstrel-Virus_Bodensee_2018-02-13_16-20-57.jpg,nature
Pipstrel-Virus_Bodensee_2018-02-13_16-20-58.jpg,nature
Pipstrel-Virus_Bodensee_2018-02-13_16-20-59.jpg,nature
Pipstrel-Virus_Bodensee_2018-02-13_16-21-01.jpg,nature
Pipstrel-Virus_Bodensee_2018-02-13_16-21-02.jpg,nature
Pipstrel-Virus_Bodensee_2018-02-13_16-21-03.jpg,nature
Pipstrel-Virus_Bodensee_2018-02-13_16-21-04.jpg,nature
Pipstrel-Virus_Bodensee_2018-02-13_16-21-05.jpg,nature
Pipstrel-Virus_Bodensee_2018-02-13_16-21-07.jpg,nature
Pipstrel-Virus_Bodensee_2018-02-13_16-21-08.jpg,nature
Pipstrel-Virus_Bodensee_2018-02-13_16-21-10.jpg,nature
Pipstrel-Virus_Bodensee_2018-02-13_16-21-11.jpg,nature
Pipstrel-Virus_Bodensee_2018-02-13_16-21-13.jpg,nature
Pipstrel-Virus_Bodensee_2018-02-13_16-21-14.jpg,nature
Pipstrel-Virus_Bodensee_2018-02-13_16-21-15.jpg,nature
Pipstrel-Virus_Bodensee_2018-02-13_16-21-22.jpg,nature
Pipstrel-Virus_Bodensee_2018-02-13_16-21-24.jpg,nature
Pipstrel-Virus_Bodensee_2018-02-13_16-21-25.jpg,nature
Pipstrel-Virus_Bodensee_2018-02-13_16-21-26.jpg,nature
Pipstrel-Virus_Bodensee_2018-02-13_16-21-28.jpg,boat
Pipstrel-Virus_Bodensee_2018-02-13_16-21-29.jpg,boat
Pipstrel-Virus_Bodensee_2018-02-13_16-21-30.jpg,boat
Pipstrel-Virus_Bodensee_2018-02-13_16-21-31.jpg,boat
Pipstrel-Virus_Bodensee_2018-02-13_16-21-32.jpg,boat
Pipstrel-Virus_Bodensee_2018-02-13_16-21-34.jpg,boat
Pipstrel-Virus_Bodensee_2018-02-13_16-21-35.jpg,boat
Pipstrel-Virus_Bodensee_2018-02-13_16-21-36.jpg,boat
Pipstrel-Virus_Bodensee_2018-02-13_16-21-39.jpg,nature
Pipstrel-Virus_Bodensee_2018-02-13_16-21-40.jpg,nature
Pipstrel-Virus_Bodensee_2018-02-13_16-21-41.jpg,nature
Pipstrel-Virus_Bodensee_2018-02-13_16-21-42.jpg,nature
Pipstrel-Virus_Bodensee_2018-02-13_16-21-43.jpg,nature
Pipstrel-Virus_Bodensee_2018-02-13_16-21-45.jpg,nature
Pipstrel-Virus_Bodensee_2018-02-13_16-21-46.jpg,nature
Pipstrel-Virus_Bodensee_2018-02-13_16-21-47.jpg,nature
Pipstrel-Virus_Bodensee_2018-02-13_16-21-48.jpg,nature
Pipstrel-Virus_Bodensee_2018-02-13_16-21-49.jpg,nature
Pipstrel-Virus_Bodensee_2018-02-13_16-21-50.jpg,nature
Pipstrel-Virus_Bodensee_2018-02-13_16-21-51.jpg,nature
Pipstrel-Virus_Bodensee_2018-02-13_16-21-52.jpg,nature
Pipstrel-Virus_Bodensee_2018-02-13_16-21-56.jpg,nature
Pipstrel-Virus_Bodensee_2018-02-13_16-21-57.jpg,boat
Pipstrel-Virus_Bodensee_2018-02-13_16-21-58.jpg,boat
Pipstrel-Virus_Bodensee_2018-02-13_16-21-59.jpg,boat
Pipstrel-Virus_Bodensee_2018-02-13_16-22-00.jpg,boat
Pipstrel-Virus_Bodensee_2018-02-13_16-22-02.jpg,boat
Pipstrel-Virus_Bodensee_2018-02-13_16-22-03.jpg,boat
Pipstrel-Virus_Bodensee_2018-02-13_16-22-04.jpg,boat
Pipstrel-Virus_Bodensee_2018-02-13_16-22-05.jpg,boat
Pipstrel-Virus_Bodensee_2018-02-13_16-22-06.jpg,boat
Pipstrel-Virus_Bodensee_2018-02-13_16-22-07.jpg,nature
Pipstrel-Virus_Bodensee_2018-02-13_16-22-09.jpg,nature
Pipstrel-Virus_Bodensee_2018-02-13_16-22-10.jpg,nature
Pipstrel-Virus_Bodensee_2018-02-13_16-22-11.jpg,nature
Pipstrel-Virus_Bodensee_2018-02-13_16-22-13.jpg,nature
Pipstrel-Virus_Bodensee_2018-02-13_16-22-14.jpg,nature
Pipstrel-Virus_Bodensee_2018-02-13_16-22-15.jpg,nature
Pipstrel-Virus_Bodensee_2018-02-13_16-22-17.jpg,nature
Pipstrel-Virus_Bodensee_2018-02-13_16-22-18.jpg,nature
